"count","tick","run","decayRate","surfaceTransferFraction"
55.0,90.0,1,0.04213458066806197,0.7767550302669406
62.0,91.0,1,0.04213458066806197,0.7767550302669406
57.0,92.0,1,0.04213458066806197,0.7767550302669406
67.0,93.0,1,0.04213458066806197,0.7767550302669406
61.0,94.0,1,0.04213458066806197,0.7767550302669406
60.0,95.0,1,0.04213458066806197,0.7767550302669406
64.0,96.0,1,0.04213458066806197,0.7767550302669406
61.0,97.0,1,0.04213458066806197,0.7767550302669406
47.0,98.0,1,0.04213458066806197,0.7767550302669406
44.0,99.0,1,0.04213458066806197,0.7767550302669406
45.0,100.0,1,0.04213458066806197,0.7767550302669406
50.0,101.0,1,0.04213458066806197,0.7767550302669406
48.0,102.0,1,0.04213458066806197,0.7767550302669406
33.0,103.0,1,0.04213458066806197,0.7767550302669406
34.0,104.0,1,0.04213458066806197,0.7767550302669406
38.0,105.0,1,0.04213458066806197,0.7767550302669406
34.0,106.0,1,0.04213458066806197,0.7767550302669406
28.0,107.0,1,0.04213458066806197,0.7767550302669406
37.0,108.0,1,0.04213458066806197,0.7767550302669406
39.0,109.0,1,0.04213458066806197,0.7767550302669406
52.0,110.0,1,0.04213458066806197,0.7767550302669406
40.0,111.0,1,0.04213458066806197,0.7767550302669406
39.0,112.0,1,0.04213458066806197,0.7767550302669406
42.0,113.0,1,0.04213458066806197,0.7767550302669406
40.0,114.0,1,0.04213458066806197,0.7767550302669406
46.0,115.0,1,0.04213458066806197,0.7767550302669406
33.0,116.0,1,0.04213458066806197,0.7767550302669406
25.0,117.0,1,0.04213458066806197,0.7767550302669406
24.0,118.0,1,0.04213458066806197,0.7767550302669406
23.0,119.0,1,0.04213458066806197,0.7767550302669406
29.0,120.0,1,0.04213458066806197,0.7767550302669406
41.0,121.0,1,0.04213458066806197,0.7767550302669406
45.0,122.0,1,0.04213458066806197,0.7767550302669406
41.0,123.0,1,0.04213458066806197,0.7767550302669406
46.0,124.0,1,0.04213458066806197,0.7767550302669406
57.0,125.0,1,0.04213458066806197,0.7767550302669406
35.0,126.0,1,0.04213458066806197,0.7767550302669406
33.0,127.0,1,0.04213458066806197,0.7767550302669406
29.0,128.0,1,0.04213458066806197,0.7767550302669406
39.0,129.0,1,0.04213458066806197,0.7767550302669406
36.0,130.0,1,0.04213458066806197,0.7767550302669406
34.0,131.0,1,0.04213458066806197,0.7767550302669406
30.0,132.0,1,0.04213458066806197,0.7767550302669406
37.0,133.0,1,0.04213458066806197,0.7767550302669406
25.0,134.0,1,0.04213458066806197,0.7767550302669406
28.0,135.0,1,0.04213458066806197,0.7767550302669406
25.0,136.0,1,0.04213458066806197,0.7767550302669406
32.0,137.0,1,0.04213458066806197,0.7767550302669406
36.0,138.0,1,0.04213458066806197,0.7767550302669406
32.0,139.0,1,0.04213458066806197,0.7767550302669406
34.0,140.0,1,0.04213458066806197,0.7767550302669406
40.0,141.0,1,0.04213458066806197,0.7767550302669406
37.0,142.0,1,0.04213458066806197,0.7767550302669406
32.0,143.0,1,0.04213458066806197,0.7767550302669406
29.0,144.0,1,0.04213458066806197,0.7767550302669406
27.0,145.0,1,0.04213458066806197,0.7767550302669406
33.0,146.0,1,0.04213458066806197,0.7767550302669406
22.0,147.0,1,0.04213458066806197,0.7767550302669406
20.0,148.0,1,0.04213458066806197,0.7767550302669406
18.0,149.0,1,0.04213458066806197,0.7767550302669406
19.0,150.0,1,0.04213458066806197,0.7767550302669406
16.0,151.0,1,0.04213458066806197,0.7767550302669406
24.0,152.0,1,0.04213458066806197,0.7767550302669406
27.0,153.0,1,0.04213458066806197,0.7767550302669406
20.0,154.0,1,0.04213458066806197,0.7767550302669406
20.0,155.0,1,0.04213458066806197,0.7767550302669406
20.0,156.0,1,0.04213458066806197,0.7767550302669406
20.0,157.0,1,0.04213458066806197,0.7767550302669406
18.0,158.0,1,0.04213458066806197,0.7767550302669406
16.0,159.0,1,0.04213458066806197,0.7767550302669406
16.0,160.0,1,0.04213458066806197,0.7767550302669406
12.0,161.0,1,0.04213458066806197,0.7767550302669406
11.0,162.0,1,0.04213458066806197,0.7767550302669406
18.0,163.0,1,0.04213458066806197,0.7767550302669406
17.0,164.0,1,0.04213458066806197,0.7767550302669406
14.0,165.0,1,0.04213458066806197,0.7767550302669406
17.0,166.0,1,0.04213458066806197,0.7767550302669406
14.0,167.0,1,0.04213458066806197,0.7767550302669406
12.0,168.0,1,0.04213458066806197,0.7767550302669406
17.0,169.0,1,0.04213458066806197,0.7767550302669406
17.0,170.0,1,0.04213458066806197,0.7767550302669406
21.0,171.0,1,0.04213458066806197,0.7767550302669406
22.0,172.0,1,0.04213458066806197,0.7767550302669406
28.0,173.0,1,0.04213458066806197,0.7767550302669406
28.0,174.0,1,0.04213458066806197,0.7767550302669406
25.0,175.0,1,0.04213458066806197,0.7767550302669406
32.0,176.0,1,0.04213458066806197,0.7767550302669406
30.0,177.0,1,0.04213458066806197,0.7767550302669406
29.0,178.0,1,0.04213458066806197,0.7767550302669406
23.0,179.0,1,0.04213458066806197,0.7767550302669406
28.0,180.0,1,0.04213458066806197,0.7767550302669406
27.0,181.0,1,0.04213458066806197,0.7767550302669406
28.0,182.0,1,0.04213458066806197,0.7767550302669406
23.0,183.0,1,0.04213458066806197,0.7767550302669406
26.0,184.0,1,0.04213458066806197,0.7767550302669406
29.0,185.0,1,0.04213458066806197,0.7767550302669406
40.0,186.0,1,0.04213458066806197,0.7767550302669406
44.0,187.0,1,0.04213458066806197,0.7767550302669406
38.0,188.0,1,0.04213458066806197,0.7767550302669406
38.0,189.0,1,0.04213458066806197,0.7767550302669406
47.0,190.0,1,0.04213458066806197,0.7767550302669406
35.0,191.0,1,0.04213458066806197,0.7767550302669406
42.0,192.0,1,0.04213458066806197,0.7767550302669406
31.0,193.0,1,0.04213458066806197,0.7767550302669406
27.0,194.0,1,0.04213458066806197,0.7767550302669406
34.0,195.0,1,0.04213458066806197,0.7767550302669406
26.0,196.0,1,0.04213458066806197,0.7767550302669406
24.0,197.0,1,0.04213458066806197,0.7767550302669406
22.0,198.0,1,0.04213458066806197,0.7767550302669406
21.0,199.0,1,0.04213458066806197,0.7767550302669406
20.0,200.0,1,0.04213458066806197,0.7767550302669406
21.0,201.0,1,0.04213458066806197,0.7767550302669406
25.0,202.0,1,0.04213458066806197,0.7767550302669406
27.0,203.0,1,0.04213458066806197,0.7767550302669406
43.0,204.0,1,0.04213458066806197,0.7767550302669406
39.0,205.0,1,0.04213458066806197,0.7767550302669406
54.0,206.0,1,0.04213458066806197,0.7767550302669406
36.0,207.0,1,0.04213458066806197,0.7767550302669406
28.0,208.0,1,0.04213458066806197,0.7767550302669406
30.0,209.0,1,0.04213458066806197,0.7767550302669406
39.0,210.0,1,0.04213458066806197,0.7767550302669406
40.0,211.0,1,0.04213458066806197,0.7767550302669406
28.0,212.0,1,0.04213458066806197,0.7767550302669406
30.0,213.0,1,0.04213458066806197,0.7767550302669406
22.0,214.0,1,0.04213458066806197,0.7767550302669406
22.0,215.0,1,0.04213458066806197,0.7767550302669406
22.0,216.0,1,0.04213458066806197,0.7767550302669406
19.0,217.0,1,0.04213458066806197,0.7767550302669406
21.0,218.0,1,0.04213458066806197,0.7767550302669406
25.0,219.0,1,0.04213458066806197,0.7767550302669406
31.0,220.0,1,0.04213458066806197,0.7767550302669406
38.0,221.0,1,0.04213458066806197,0.7767550302669406
24.0,222.0,1,0.04213458066806197,0.7767550302669406
22.0,223.0,1,0.04213458066806197,0.7767550302669406
21.0,224.0,1,0.04213458066806197,0.7767550302669406
20.0,225.0,1,0.04213458066806197,0.7767550302669406
20.0,226.0,1,0.04213458066806197,0.7767550302669406
20.0,227.0,1,0.04213458066806197,0.7767550302669406
24.0,228.0,1,0.04213458066806197,0.7767550302669406
24.0,229.0,1,0.04213458066806197,0.7767550302669406
24.0,230.0,1,0.04213458066806197,0.7767550302669406
29.0,231.0,1,0.04213458066806197,0.7767550302669406
25.0,232.0,1,0.04213458066806197,0.7767550302669406
28.0,233.0,1,0.04213458066806197,0.7767550302669406
29.0,234.0,1,0.04213458066806197,0.7767550302669406
22.0,235.0,1,0.04213458066806197,0.7767550302669406
20.0,236.0,1,0.04213458066806197,0.7767550302669406
18.0,237.0,1,0.04213458066806197,0.7767550302669406
17.0,238.0,1,0.04213458066806197,0.7767550302669406
19.0,239.0,1,0.04213458066806197,0.7767550302669406
18.0,240.0,1,0.04213458066806197,0.7767550302669406
17.0,241.0,1,0.04213458066806197,0.7767550302669406
19.0,242.0,1,0.04213458066806197,0.7767550302669406
20.0,243.0,1,0.04213458066806197,0.7767550302669406
20.0,244.0,1,0.04213458066806197,0.7767550302669406
21.0,245.0,1,0.04213458066806197,0.7767550302669406
21.0,246.0,1,0.04213458066806197,0.7767550302669406
22.0,247.0,1,0.04213458066806197,0.7767550302669406
25.0,248.0,1,0.04213458066806197,0.7767550302669406
23.0,249.0,1,0.04213458066806197,0.7767550302669406
19.0,250.0,1,0.04213458066806197,0.7767550302669406
20.0,251.0,1,0.04213458066806197,0.7767550302669406
21.0,252.0,1,0.04213458066806197,0.7767550302669406
24.0,253.0,1,0.04213458066806197,0.7767550302669406
30.0,254.0,1,0.04213458066806197,0.7767550302669406
33.0,255.0,1,0.04213458066806197,0.7767550302669406
37.0,256.0,1,0.04213458066806197,0.7767550302669406
29.0,257.0,1,0.04213458066806197,0.7767550302669406
31.0,258.0,1,0.04213458066806197,0.7767550302669406
29.0,259.0,1,0.04213458066806197,0.7767550302669406
27.0,260.0,1,0.04213458066806197,0.7767550302669406
25.0,261.0,1,0.04213458066806197,0.7767550302669406
21.0,262.0,1,0.04213458066806197,0.7767550302669406
18.0,263.0,1,0.04213458066806197,0.7767550302669406
20.0,264.0,1,0.04213458066806197,0.7767550302669406
21.0,265.0,1,0.04213458066806197,0.7767550302669406
23.0,266.0,1,0.04213458066806197,0.7767550302669406
20.0,267.0,1,0.04213458066806197,0.7767550302669406
20.0,268.0,1,0.04213458066806197,0.7767550302669406
19.0,269.0,1,0.04213458066806197,0.7767550302669406
19.0,270.0,1,0.04213458066806197,0.7767550302669406
18.0,271.0,1,0.04213458066806197,0.7767550302669406
20.0,272.0,1,0.04213458066806197,0.7767550302669406
24.0,273.0,1,0.04213458066806197,0.7767550302669406
24.0,274.0,1,0.04213458066806197,0.7767550302669406
24.0,275.0,1,0.04213458066806197,0.7767550302669406
24.0,276.0,1,0.04213458066806197,0.7767550302669406
23.0,277.0,1,0.04213458066806197,0.7767550302669406
22.0,278.0,1,0.04213458066806197,0.7767550302669406
25.0,279.0,1,0.04213458066806197,0.7767550302669406
28.0,280.0,1,0.04213458066806197,0.7767550302669406
42.0,281.0,1,0.04213458066806197,0.7767550302669406
48.0,282.0,1,0.04213458066806197,0.7767550302669406
40.0,283.0,1,0.04213458066806197,0.7767550302669406
35.0,284.0,1,0.04213458066806197,0.7767550302669406
25.0,285.0,1,0.04213458066806197,0.7767550302669406
29.0,286.0,1,0.04213458066806197,0.7767550302669406
24.0,287.0,1,0.04213458066806197,0.7767550302669406
26.0,288.0,1,0.04213458066806197,0.7767550302669406
37.0,289.0,1,0.04213458066806197,0.7767550302669406
31.0,290.0,1,0.04213458066806197,0.7767550302669406
31.0,291.0,1,0.04213458066806197,0.7767550302669406
36.0,292.0,1,0.04213458066806197,0.7767550302669406
45.0,293.0,1,0.04213458066806197,0.7767550302669406
44.0,294.0,1,0.04213458066806197,0.7767550302669406
38.0,295.0,1,0.04213458066806197,0.7767550302669406
38.0,296.0,1,0.04213458066806197,0.7767550302669406
28.0,297.0,1,0.04213458066806197,0.7767550302669406
26.0,298.0,1,0.04213458066806197,0.7767550302669406
33.0,299.0,1,0.04213458066806197,0.7767550302669406
30.0,300.0,1,0.04213458066806197,0.7767550302669406
34.0,301.0,1,0.04213458066806197,0.7767550302669406
41.0,302.0,1,0.04213458066806197,0.7767550302669406
32.0,303.0,1,0.04213458066806197,0.7767550302669406
29.0,304.0,1,0.04213458066806197,0.7767550302669406
30.0,305.0,1,0.04213458066806197,0.7767550302669406
42.0,306.0,1,0.04213458066806197,0.7767550302669406
42.0,307.0,1,0.04213458066806197,0.7767550302669406
45.0,308.0,1,0.04213458066806197,0.7767550302669406
51.0,309.0,1,0.04213458066806197,0.7767550302669406
63.0,310.0,1,0.04213458066806197,0.7767550302669406
61.0,311.0,1,0.04213458066806197,0.7767550302669406
50.0,312.0,1,0.04213458066806197,0.7767550302669406
50.0,313.0,1,0.04213458066806197,0.7767550302669406
41.0,314.0,1,0.04213458066806197,0.7767550302669406
33.0,315.0,1,0.04213458066806197,0.7767550302669406
24.0,316.0,1,0.04213458066806197,0.7767550302669406
39.0,317.0,1,0.04213458066806197,0.7767550302669406
27.0,318.0,1,0.04213458066806197,0.7767550302669406
28.0,319.0,1,0.04213458066806197,0.7767550302669406
25.0,320.0,1,0.04213458066806197,0.7767550302669406
27.0,321.0,1,0.04213458066806197,0.7767550302669406
26.0,322.0,1,0.04213458066806197,0.7767550302669406
27.0,323.0,1,0.04213458066806197,0.7767550302669406
28.0,324.0,1,0.04213458066806197,0.7767550302669406
29.0,325.0,1,0.04213458066806197,0.7767550302669406
30.0,326.0,1,0.04213458066806197,0.7767550302669406
30.0,327.0,1,0.04213458066806197,0.7767550302669406
29.0,328.0,1,0.04213458066806197,0.7767550302669406
37.0,329.0,1,0.04213458066806197,0.7767550302669406
48.0,330.0,1,0.04213458066806197,0.7767550302669406
52.0,331.0,1,0.04213458066806197,0.7767550302669406
56.0,332.0,1,0.04213458066806197,0.7767550302669406
51.0,333.0,1,0.04213458066806197,0.7767550302669406
58.0,334.0,1,0.04213458066806197,0.7767550302669406
65.0,335.0,1,0.04213458066806197,0.7767550302669406
67.0,336.0,1,0.04213458066806197,0.7767550302669406
62.0,337.0,1,0.04213458066806197,0.7767550302669406
57.0,338.0,1,0.04213458066806197,0.7767550302669406
68.0,339.0,1,0.04213458066806197,0.7767550302669406
71.0,340.0,1,0.04213458066806197,0.7767550302669406
68.0,341.0,1,0.04213458066806197,0.7767550302669406
71.0,342.0,1,0.04213458066806197,0.7767550302669406
66.0,343.0,1,0.04213458066806197,0.7767550302669406
57.0,344.0,1,0.04213458066806197,0.7767550302669406
41.0,345.0,1,0.04213458066806197,0.7767550302669406
44.0,346.0,1,0.04213458066806197,0.7767550302669406
32.0,347.0,1,0.04213458066806197,0.7767550302669406
37.0,348.0,1,0.04213458066806197,0.7767550302669406
30.0,349.0,1,0.04213458066806197,0.7767550302669406
41.0,350.0,1,0.04213458066806197,0.7767550302669406
45.0,351.0,1,0.04213458066806197,0.7767550302669406
51.0,352.0,1,0.04213458066806197,0.7767550302669406
58.0,353.0,1,0.04213458066806197,0.7767550302669406
70.0,354.0,1,0.04213458066806197,0.7767550302669406
69.0,355.0,1,0.04213458066806197,0.7767550302669406
73.0,356.0,1,0.04213458066806197,0.7767550302669406
76.0,357.0,1,0.04213458066806197,0.7767550302669406
72.0,358.0,1,0.04213458066806197,0.7767550302669406
60.0,359.0,1,0.04213458066806197,0.7767550302669406
45.0,360.0,1,0.04213458066806197,0.7767550302669406
38.0,361.0,1,0.04213458066806197,0.7767550302669406
33.0,362.0,1,0.04213458066806197,0.7767550302669406
36.0,363.0,1,0.04213458066806197,0.7767550302669406
53.0,364.0,1,0.04213458066806197,0.7767550302669406
45.0,365.0,1,0.04213458066806197,0.7767550302669406
11.0,90.0,4,0.33680210704915226,0.6293110067490488
9.0,91.0,4,0.33680210704915226,0.6293110067490488
7.0,92.0,4,0.33680210704915226,0.6293110067490488
2.0,93.0,4,0.33680210704915226,0.6293110067490488
0.0,94.0,4,0.33680210704915226,0.6293110067490488
0.0,95.0,4,0.33680210704915226,0.6293110067490488
0.0,96.0,4,0.33680210704915226,0.6293110067490488
0.0,97.0,4,0.33680210704915226,0.6293110067490488
0.0,98.0,4,0.33680210704915226,0.6293110067490488
1.0,99.0,4,0.33680210704915226,0.6293110067490488
2.0,100.0,4,0.33680210704915226,0.6293110067490488
3.0,101.0,4,0.33680210704915226,0.6293110067490488
5.0,102.0,4,0.33680210704915226,0.6293110067490488
9.0,103.0,4,0.33680210704915226,0.6293110067490488
12.0,104.0,4,0.33680210704915226,0.6293110067490488
20.0,105.0,4,0.33680210704915226,0.6293110067490488
16.0,106.0,4,0.33680210704915226,0.6293110067490488
12.0,107.0,4,0.33680210704915226,0.6293110067490488
8.0,108.0,4,0.33680210704915226,0.6293110067490488
9.0,109.0,4,0.33680210704915226,0.6293110067490488
13.0,110.0,4,0.33680210704915226,0.6293110067490488
14.0,111.0,4,0.33680210704915226,0.6293110067490488
12.0,112.0,4,0.33680210704915226,0.6293110067490488
13.0,113.0,4,0.33680210704915226,0.6293110067490488
13.0,114.0,4,0.33680210704915226,0.6293110067490488
8.0,115.0,4,0.33680210704915226,0.6293110067490488
6.0,116.0,4,0.33680210704915226,0.6293110067490488
1.0,117.0,4,0.33680210704915226,0.6293110067490488
0.0,118.0,4,0.33680210704915226,0.6293110067490488
1.0,119.0,4,0.33680210704915226,0.6293110067490488
4.0,120.0,4,0.33680210704915226,0.6293110067490488
2.0,121.0,4,0.33680210704915226,0.6293110067490488
4.0,122.0,4,0.33680210704915226,0.6293110067490488
12.0,123.0,4,0.33680210704915226,0.6293110067490488
15.0,124.0,4,0.33680210704915226,0.6293110067490488
13.0,125.0,4,0.33680210704915226,0.6293110067490488
15.0,126.0,4,0.33680210704915226,0.6293110067490488
22.0,127.0,4,0.33680210704915226,0.6293110067490488
24.0,128.0,4,0.33680210704915226,0.6293110067490488
31.0,129.0,4,0.33680210704915226,0.6293110067490488
26.0,130.0,4,0.33680210704915226,0.6293110067490488
33.0,131.0,4,0.33680210704915226,0.6293110067490488
34.0,132.0,4,0.33680210704915226,0.6293110067490488
39.0,133.0,4,0.33680210704915226,0.6293110067490488
39.0,134.0,4,0.33680210704915226,0.6293110067490488
50.0,135.0,4,0.33680210704915226,0.6293110067490488
66.0,136.0,4,0.33680210704915226,0.6293110067490488
58.0,137.0,4,0.33680210704915226,0.6293110067490488
47.0,138.0,4,0.33680210704915226,0.6293110067490488
47.0,139.0,4,0.33680210704915226,0.6293110067490488
39.0,140.0,4,0.33680210704915226,0.6293110067490488
24.0,141.0,4,0.33680210704915226,0.6293110067490488
22.0,142.0,4,0.33680210704915226,0.6293110067490488
21.0,143.0,4,0.33680210704915226,0.6293110067490488
22.0,144.0,4,0.33680210704915226,0.6293110067490488
24.0,145.0,4,0.33680210704915226,0.6293110067490488
21.0,146.0,4,0.33680210704915226,0.6293110067490488
23.0,147.0,4,0.33680210704915226,0.6293110067490488
20.0,148.0,4,0.33680210704915226,0.6293110067490488
20.0,149.0,4,0.33680210704915226,0.6293110067490488
15.0,150.0,4,0.33680210704915226,0.6293110067490488
13.0,151.0,4,0.33680210704915226,0.6293110067490488
17.0,152.0,4,0.33680210704915226,0.6293110067490488
18.0,153.0,4,0.33680210704915226,0.6293110067490488
22.0,154.0,4,0.33680210704915226,0.6293110067490488
21.0,155.0,4,0.33680210704915226,0.6293110067490488
23.0,156.0,4,0.33680210704915226,0.6293110067490488
22.0,157.0,4,0.33680210704915226,0.6293110067490488
18.0,158.0,4,0.33680210704915226,0.6293110067490488
13.0,159.0,4,0.33680210704915226,0.6293110067490488
11.0,160.0,4,0.33680210704915226,0.6293110067490488
9.0,161.0,4,0.33680210704915226,0.6293110067490488
14.0,162.0,4,0.33680210704915226,0.6293110067490488
20.0,163.0,4,0.33680210704915226,0.6293110067490488
18.0,164.0,4,0.33680210704915226,0.6293110067490488
22.0,165.0,4,0.33680210704915226,0.6293110067490488
24.0,166.0,4,0.33680210704915226,0.6293110067490488
28.0,167.0,4,0.33680210704915226,0.6293110067490488
29.0,168.0,4,0.33680210704915226,0.6293110067490488
18.0,169.0,4,0.33680210704915226,0.6293110067490488
17.0,170.0,4,0.33680210704915226,0.6293110067490488
12.0,171.0,4,0.33680210704915226,0.6293110067490488
7.0,172.0,4,0.33680210704915226,0.6293110067490488
8.0,173.0,4,0.33680210704915226,0.6293110067490488
5.0,174.0,4,0.33680210704915226,0.6293110067490488
4.0,175.0,4,0.33680210704915226,0.6293110067490488
4.0,176.0,4,0.33680210704915226,0.6293110067490488
1.0,177.0,4,0.33680210704915226,0.6293110067490488
1.0,178.0,4,0.33680210704915226,0.6293110067490488
0.0,179.0,4,0.33680210704915226,0.6293110067490488
0.0,180.0,4,0.33680210704915226,0.6293110067490488
0.0,181.0,4,0.33680210704915226,0.6293110067490488
2.0,182.0,4,0.33680210704915226,0.6293110067490488
2.0,183.0,4,0.33680210704915226,0.6293110067490488
6.0,184.0,4,0.33680210704915226,0.6293110067490488
6.0,185.0,4,0.33680210704915226,0.6293110067490488
3.0,186.0,4,0.33680210704915226,0.6293110067490488
3.0,187.0,4,0.33680210704915226,0.6293110067490488
0.0,188.0,4,0.33680210704915226,0.6293110067490488
0.0,189.0,4,0.33680210704915226,0.6293110067490488
0.0,190.0,4,0.33680210704915226,0.6293110067490488
0.0,191.0,4,0.33680210704915226,0.6293110067490488
1.0,192.0,4,0.33680210704915226,0.6293110067490488
2.0,193.0,4,0.33680210704915226,0.6293110067490488
3.0,194.0,4,0.33680210704915226,0.6293110067490488
4.0,195.0,4,0.33680210704915226,0.6293110067490488
9.0,196.0,4,0.33680210704915226,0.6293110067490488
11.0,197.0,4,0.33680210704915226,0.6293110067490488
12.0,198.0,4,0.33680210704915226,0.6293110067490488
13.0,199.0,4,0.33680210704915226,0.6293110067490488
20.0,200.0,4,0.33680210704915226,0.6293110067490488
19.0,201.0,4,0.33680210704915226,0.6293110067490488
21.0,202.0,4,0.33680210704915226,0.6293110067490488
20.0,203.0,4,0.33680210704915226,0.6293110067490488
19.0,204.0,4,0.33680210704915226,0.6293110067490488
18.0,205.0,4,0.33680210704915226,0.6293110067490488
19.0,206.0,4,0.33680210704915226,0.6293110067490488
20.0,207.0,4,0.33680210704915226,0.6293110067490488
20.0,208.0,4,0.33680210704915226,0.6293110067490488
20.0,209.0,4,0.33680210704915226,0.6293110067490488
20.0,210.0,4,0.33680210704915226,0.6293110067490488
23.0,211.0,4,0.33680210704915226,0.6293110067490488
29.0,212.0,4,0.33680210704915226,0.6293110067490488
30.0,213.0,4,0.33680210704915226,0.6293110067490488
25.0,214.0,4,0.33680210704915226,0.6293110067490488
29.0,215.0,4,0.33680210704915226,0.6293110067490488
32.0,216.0,4,0.33680210704915226,0.6293110067490488
31.0,217.0,4,0.33680210704915226,0.6293110067490488
27.0,218.0,4,0.33680210704915226,0.6293110067490488
28.0,219.0,4,0.33680210704915226,0.6293110067490488
27.0,220.0,4,0.33680210704915226,0.6293110067490488
23.0,221.0,4,0.33680210704915226,0.6293110067490488
25.0,222.0,4,0.33680210704915226,0.6293110067490488
24.0,223.0,4,0.33680210704915226,0.6293110067490488
23.0,224.0,4,0.33680210704915226,0.6293110067490488
26.0,225.0,4,0.33680210704915226,0.6293110067490488
22.0,226.0,4,0.33680210704915226,0.6293110067490488
17.0,227.0,4,0.33680210704915226,0.6293110067490488
16.0,228.0,4,0.33680210704915226,0.6293110067490488
16.0,229.0,4,0.33680210704915226,0.6293110067490488
19.0,230.0,4,0.33680210704915226,0.6293110067490488
20.0,231.0,4,0.33680210704915226,0.6293110067490488
21.0,232.0,4,0.33680210704915226,0.6293110067490488
20.0,233.0,4,0.33680210704915226,0.6293110067490488
20.0,234.0,4,0.33680210704915226,0.6293110067490488
25.0,235.0,4,0.33680210704915226,0.6293110067490488
23.0,236.0,4,0.33680210704915226,0.6293110067490488
20.0,237.0,4,0.33680210704915226,0.6293110067490488
17.0,238.0,4,0.33680210704915226,0.6293110067490488
17.0,239.0,4,0.33680210704915226,0.6293110067490488
22.0,240.0,4,0.33680210704915226,0.6293110067490488
26.0,241.0,4,0.33680210704915226,0.6293110067490488
27.0,242.0,4,0.33680210704915226,0.6293110067490488
27.0,243.0,4,0.33680210704915226,0.6293110067490488
26.0,244.0,4,0.33680210704915226,0.6293110067490488
23.0,245.0,4,0.33680210704915226,0.6293110067490488
21.0,246.0,4,0.33680210704915226,0.6293110067490488
20.0,247.0,4,0.33680210704915226,0.6293110067490488
14.0,248.0,4,0.33680210704915226,0.6293110067490488
13.0,249.0,4,0.33680210704915226,0.6293110067490488
10.0,250.0,4,0.33680210704915226,0.6293110067490488
10.0,251.0,4,0.33680210704915226,0.6293110067490488
7.0,252.0,4,0.33680210704915226,0.6293110067490488
5.0,253.0,4,0.33680210704915226,0.6293110067490488
9.0,254.0,4,0.33680210704915226,0.6293110067490488
9.0,255.0,4,0.33680210704915226,0.6293110067490488
12.0,256.0,4,0.33680210704915226,0.6293110067490488
11.0,257.0,4,0.33680210704915226,0.6293110067490488
14.0,258.0,4,0.33680210704915226,0.6293110067490488
20.0,259.0,4,0.33680210704915226,0.6293110067490488
21.0,260.0,4,0.33680210704915226,0.6293110067490488
18.0,261.0,4,0.33680210704915226,0.6293110067490488
19.0,262.0,4,0.33680210704915226,0.6293110067490488
19.0,263.0,4,0.33680210704915226,0.6293110067490488
22.0,264.0,4,0.33680210704915226,0.6293110067490488
26.0,265.0,4,0.33680210704915226,0.6293110067490488
25.0,266.0,4,0.33680210704915226,0.6293110067490488
25.0,267.0,4,0.33680210704915226,0.6293110067490488
24.0,268.0,4,0.33680210704915226,0.6293110067490488
24.0,269.0,4,0.33680210704915226,0.6293110067490488
24.0,270.0,4,0.33680210704915226,0.6293110067490488
21.0,271.0,4,0.33680210704915226,0.6293110067490488
21.0,272.0,4,0.33680210704915226,0.6293110067490488
21.0,273.0,4,0.33680210704915226,0.6293110067490488
17.0,274.0,4,0.33680210704915226,0.6293110067490488
11.0,275.0,4,0.33680210704915226,0.6293110067490488
12.0,276.0,4,0.33680210704915226,0.6293110067490488
11.0,277.0,4,0.33680210704915226,0.6293110067490488
10.0,278.0,4,0.33680210704915226,0.6293110067490488
11.0,279.0,4,0.33680210704915226,0.6293110067490488
11.0,280.0,4,0.33680210704915226,0.6293110067490488
12.0,281.0,4,0.33680210704915226,0.6293110067490488
7.0,282.0,4,0.33680210704915226,0.6293110067490488
4.0,283.0,4,0.33680210704915226,0.6293110067490488
9.0,284.0,4,0.33680210704915226,0.6293110067490488
15.0,285.0,4,0.33680210704915226,0.6293110067490488
19.0,286.0,4,0.33680210704915226,0.6293110067490488
24.0,287.0,4,0.33680210704915226,0.6293110067490488
20.0,288.0,4,0.33680210704915226,0.6293110067490488
21.0,289.0,4,0.33680210704915226,0.6293110067490488
21.0,290.0,4,0.33680210704915226,0.6293110067490488
17.0,291.0,4,0.33680210704915226,0.6293110067490488
18.0,292.0,4,0.33680210704915226,0.6293110067490488
19.0,293.0,4,0.33680210704915226,0.6293110067490488
20.0,294.0,4,0.33680210704915226,0.6293110067490488
25.0,295.0,4,0.33680210704915226,0.6293110067490488
26.0,296.0,4,0.33680210704915226,0.6293110067490488
30.0,297.0,4,0.33680210704915226,0.6293110067490488
27.0,298.0,4,0.33680210704915226,0.6293110067490488
25.0,299.0,4,0.33680210704915226,0.6293110067490488
23.0,300.0,4,0.33680210704915226,0.6293110067490488
23.0,301.0,4,0.33680210704915226,0.6293110067490488
21.0,302.0,4,0.33680210704915226,0.6293110067490488
21.0,303.0,4,0.33680210704915226,0.6293110067490488
21.0,304.0,4,0.33680210704915226,0.6293110067490488
21.0,305.0,4,0.33680210704915226,0.6293110067490488
17.0,306.0,4,0.33680210704915226,0.6293110067490488
13.0,307.0,4,0.33680210704915226,0.6293110067490488
16.0,308.0,4,0.33680210704915226,0.6293110067490488
20.0,309.0,4,0.33680210704915226,0.6293110067490488
21.0,310.0,4,0.33680210704915226,0.6293110067490488
17.0,311.0,4,0.33680210704915226,0.6293110067490488
15.0,312.0,4,0.33680210704915226,0.6293110067490488
12.0,313.0,4,0.33680210704915226,0.6293110067490488
11.0,314.0,4,0.33680210704915226,0.6293110067490488
9.0,315.0,4,0.33680210704915226,0.6293110067490488
9.0,316.0,4,0.33680210704915226,0.6293110067490488
13.0,317.0,4,0.33680210704915226,0.6293110067490488
15.0,318.0,4,0.33680210704915226,0.6293110067490488
21.0,319.0,4,0.33680210704915226,0.6293110067490488
21.0,320.0,4,0.33680210704915226,0.6293110067490488
23.0,321.0,4,0.33680210704915226,0.6293110067490488
18.0,322.0,4,0.33680210704915226,0.6293110067490488
17.0,323.0,4,0.33680210704915226,0.6293110067490488
15.0,324.0,4,0.33680210704915226,0.6293110067490488
10.0,325.0,4,0.33680210704915226,0.6293110067490488
10.0,326.0,4,0.33680210704915226,0.6293110067490488
15.0,327.0,4,0.33680210704915226,0.6293110067490488
22.0,328.0,4,0.33680210704915226,0.6293110067490488
23.0,329.0,4,0.33680210704915226,0.6293110067490488
17.0,330.0,4,0.33680210704915226,0.6293110067490488
20.0,331.0,4,0.33680210704915226,0.6293110067490488
21.0,332.0,4,0.33680210704915226,0.6293110067490488
21.0,333.0,4,0.33680210704915226,0.6293110067490488
21.0,334.0,4,0.33680210704915226,0.6293110067490488
30.0,335.0,4,0.33680210704915226,0.6293110067490488
29.0,336.0,4,0.33680210704915226,0.6293110067490488
25.0,337.0,4,0.33680210704915226,0.6293110067490488
21.0,338.0,4,0.33680210704915226,0.6293110067490488
23.0,339.0,4,0.33680210704915226,0.6293110067490488
22.0,340.0,4,0.33680210704915226,0.6293110067490488
23.0,341.0,4,0.33680210704915226,0.6293110067490488
26.0,342.0,4,0.33680210704915226,0.6293110067490488
25.0,343.0,4,0.33680210704915226,0.6293110067490488
19.0,344.0,4,0.33680210704915226,0.6293110067490488
17.0,345.0,4,0.33680210704915226,0.6293110067490488
12.0,346.0,4,0.33680210704915226,0.6293110067490488
24.0,347.0,4,0.33680210704915226,0.6293110067490488
28.0,348.0,4,0.33680210704915226,0.6293110067490488
24.0,349.0,4,0.33680210704915226,0.6293110067490488
19.0,350.0,4,0.33680210704915226,0.6293110067490488
19.0,351.0,4,0.33680210704915226,0.6293110067490488
21.0,352.0,4,0.33680210704915226,0.6293110067490488
22.0,353.0,4,0.33680210704915226,0.6293110067490488
20.0,354.0,4,0.33680210704915226,0.6293110067490488
18.0,355.0,4,0.33680210704915226,0.6293110067490488
22.0,356.0,4,0.33680210704915226,0.6293110067490488
18.0,357.0,4,0.33680210704915226,0.6293110067490488
18.0,358.0,4,0.33680210704915226,0.6293110067490488
17.0,359.0,4,0.33680210704915226,0.6293110067490488
22.0,360.0,4,0.33680210704915226,0.6293110067490488
18.0,361.0,4,0.33680210704915226,0.6293110067490488
19.0,362.0,4,0.33680210704915226,0.6293110067490488
15.0,363.0,4,0.33680210704915226,0.6293110067490488
18.0,364.0,4,0.33680210704915226,0.6293110067490488
20.0,365.0,4,0.33680210704915226,0.6293110067490488
22.0,90.0,3,0.10613002581521869,0.9581719804555178
26.0,91.0,3,0.10613002581521869,0.9581719804555178
23.0,92.0,3,0.10613002581521869,0.9581719804555178
22.0,93.0,3,0.10613002581521869,0.9581719804555178
26.0,94.0,3,0.10613002581521869,0.9581719804555178
26.0,95.0,3,0.10613002581521869,0.9581719804555178
34.0,96.0,3,0.10613002581521869,0.9581719804555178
29.0,97.0,3,0.10613002581521869,0.9581719804555178
27.0,98.0,3,0.10613002581521869,0.9581719804555178
32.0,99.0,3,0.10613002581521869,0.9581719804555178
29.0,100.0,3,0.10613002581521869,0.9581719804555178
33.0,101.0,3,0.10613002581521869,0.9581719804555178
23.0,102.0,3,0.10613002581521869,0.9581719804555178
29.0,103.0,3,0.10613002581521869,0.9581719804555178
31.0,104.0,3,0.10613002581521869,0.9581719804555178
39.0,105.0,3,0.10613002581521869,0.9581719804555178
29.0,106.0,3,0.10613002581521869,0.9581719804555178
25.0,107.0,3,0.10613002581521869,0.9581719804555178
25.0,108.0,3,0.10613002581521869,0.9581719804555178
21.0,109.0,3,0.10613002581521869,0.9581719804555178
28.0,110.0,3,0.10613002581521869,0.9581719804555178
21.0,111.0,3,0.10613002581521869,0.9581719804555178
29.0,112.0,3,0.10613002581521869,0.9581719804555178
29.0,113.0,3,0.10613002581521869,0.9581719804555178
29.0,114.0,3,0.10613002581521869,0.9581719804555178
23.0,115.0,3,0.10613002581521869,0.9581719804555178
26.0,116.0,3,0.10613002581521869,0.9581719804555178
32.0,117.0,3,0.10613002581521869,0.9581719804555178
26.0,118.0,3,0.10613002581521869,0.9581719804555178
20.0,119.0,3,0.10613002581521869,0.9581719804555178
18.0,120.0,3,0.10613002581521869,0.9581719804555178
16.0,121.0,3,0.10613002581521869,0.9581719804555178
15.0,122.0,3,0.10613002581521869,0.9581719804555178
23.0,123.0,3,0.10613002581521869,0.9581719804555178
23.0,124.0,3,0.10613002581521869,0.9581719804555178
23.0,125.0,3,0.10613002581521869,0.9581719804555178
27.0,126.0,3,0.10613002581521869,0.9581719804555178
27.0,127.0,3,0.10613002581521869,0.9581719804555178
52.0,128.0,3,0.10613002581521869,0.9581719804555178
49.0,129.0,3,0.10613002581521869,0.9581719804555178
55.0,130.0,3,0.10613002581521869,0.9581719804555178
47.0,131.0,3,0.10613002581521869,0.9581719804555178
51.0,132.0,3,0.10613002581521869,0.9581719804555178
43.0,133.0,3,0.10613002581521869,0.9581719804555178
39.0,134.0,3,0.10613002581521869,0.9581719804555178
32.0,135.0,3,0.10613002581521869,0.9581719804555178
30.0,136.0,3,0.10613002581521869,0.9581719804555178
26.0,137.0,3,0.10613002581521869,0.9581719804555178
26.0,138.0,3,0.10613002581521869,0.9581719804555178
33.0,139.0,3,0.10613002581521869,0.9581719804555178
30.0,140.0,3,0.10613002581521869,0.9581719804555178
27.0,141.0,3,0.10613002581521869,0.9581719804555178
25.0,142.0,3,0.10613002581521869,0.9581719804555178
27.0,143.0,3,0.10613002581521869,0.9581719804555178
32.0,144.0,3,0.10613002581521869,0.9581719804555178
24.0,145.0,3,0.10613002581521869,0.9581719804555178
22.0,146.0,3,0.10613002581521869,0.9581719804555178
21.0,147.0,3,0.10613002581521869,0.9581719804555178
22.0,148.0,3,0.10613002581521869,0.9581719804555178
22.0,149.0,3,0.10613002581521869,0.9581719804555178
21.0,150.0,3,0.10613002581521869,0.9581719804555178
16.0,151.0,3,0.10613002581521869,0.9581719804555178
14.0,152.0,3,0.10613002581521869,0.9581719804555178
13.0,153.0,3,0.10613002581521869,0.9581719804555178
12.0,154.0,3,0.10613002581521869,0.9581719804555178
7.0,155.0,3,0.10613002581521869,0.9581719804555178
8.0,156.0,3,0.10613002581521869,0.9581719804555178
6.0,157.0,3,0.10613002581521869,0.9581719804555178
3.0,158.0,3,0.10613002581521869,0.9581719804555178
3.0,159.0,3,0.10613002581521869,0.9581719804555178
3.0,160.0,3,0.10613002581521869,0.9581719804555178
7.0,161.0,3,0.10613002581521869,0.9581719804555178
13.0,162.0,3,0.10613002581521869,0.9581719804555178
21.0,163.0,3,0.10613002581521869,0.9581719804555178
22.0,164.0,3,0.10613002581521869,0.9581719804555178
21.0,165.0,3,0.10613002581521869,0.9581719804555178
22.0,166.0,3,0.10613002581521869,0.9581719804555178
21.0,167.0,3,0.10613002581521869,0.9581719804555178
20.0,168.0,3,0.10613002581521869,0.9581719804555178
18.0,169.0,3,0.10613002581521869,0.9581719804555178
19.0,170.0,3,0.10613002581521869,0.9581719804555178
16.0,171.0,3,0.10613002581521869,0.9581719804555178
17.0,172.0,3,0.10613002581521869,0.9581719804555178
17.0,173.0,3,0.10613002581521869,0.9581719804555178
16.0,174.0,3,0.10613002581521869,0.9581719804555178
15.0,175.0,3,0.10613002581521869,0.9581719804555178
17.0,176.0,3,0.10613002581521869,0.9581719804555178
19.0,177.0,3,0.10613002581521869,0.9581719804555178
24.0,178.0,3,0.10613002581521869,0.9581719804555178
26.0,179.0,3,0.10613002581521869,0.9581719804555178
28.0,180.0,3,0.10613002581521869,0.9581719804555178
25.0,181.0,3,0.10613002581521869,0.9581719804555178
19.0,182.0,3,0.10613002581521869,0.9581719804555178
20.0,183.0,3,0.10613002581521869,0.9581719804555178
27.0,184.0,3,0.10613002581521869,0.9581719804555178
29.0,185.0,3,0.10613002581521869,0.9581719804555178
29.0,186.0,3,0.10613002581521869,0.9581719804555178
41.0,187.0,3,0.10613002581521869,0.9581719804555178
36.0,188.0,3,0.10613002581521869,0.9581719804555178
40.0,189.0,3,0.10613002581521869,0.9581719804555178
33.0,190.0,3,0.10613002581521869,0.9581719804555178
26.0,191.0,3,0.10613002581521869,0.9581719804555178
22.0,192.0,3,0.10613002581521869,0.9581719804555178
21.0,193.0,3,0.10613002581521869,0.9581719804555178
26.0,194.0,3,0.10613002581521869,0.9581719804555178
30.0,195.0,3,0.10613002581521869,0.9581719804555178
34.0,196.0,3,0.10613002581521869,0.9581719804555178
33.0,197.0,3,0.10613002581521869,0.9581719804555178
34.0,198.0,3,0.10613002581521869,0.9581719804555178
46.0,199.0,3,0.10613002581521869,0.9581719804555178
54.0,200.0,3,0.10613002581521869,0.9581719804555178
43.0,201.0,3,0.10613002581521869,0.9581719804555178
40.0,202.0,3,0.10613002581521869,0.9581719804555178
29.0,203.0,3,0.10613002581521869,0.9581719804555178
27.0,204.0,3,0.10613002581521869,0.9581719804555178
22.0,205.0,3,0.10613002581521869,0.9581719804555178
21.0,206.0,3,0.10613002581521869,0.9581719804555178
19.0,207.0,3,0.10613002581521869,0.9581719804555178
14.0,208.0,3,0.10613002581521869,0.9581719804555178
16.0,209.0,3,0.10613002581521869,0.9581719804555178
15.0,210.0,3,0.10613002581521869,0.9581719804555178
11.0,211.0,3,0.10613002581521869,0.9581719804555178
9.0,212.0,3,0.10613002581521869,0.9581719804555178
13.0,213.0,3,0.10613002581521869,0.9581719804555178
19.0,214.0,3,0.10613002581521869,0.9581719804555178
24.0,215.0,3,0.10613002581521869,0.9581719804555178
24.0,216.0,3,0.10613002581521869,0.9581719804555178
21.0,217.0,3,0.10613002581521869,0.9581719804555178
20.0,218.0,3,0.10613002581521869,0.9581719804555178
22.0,219.0,3,0.10613002581521869,0.9581719804555178
22.0,220.0,3,0.10613002581521869,0.9581719804555178
27.0,221.0,3,0.10613002581521869,0.9581719804555178
25.0,222.0,3,0.10613002581521869,0.9581719804555178
22.0,223.0,3,0.10613002581521869,0.9581719804555178
28.0,224.0,3,0.10613002581521869,0.9581719804555178
38.0,225.0,3,0.10613002581521869,0.9581719804555178
29.0,226.0,3,0.10613002581521869,0.9581719804555178
30.0,227.0,3,0.10613002581521869,0.9581719804555178
22.0,228.0,3,0.10613002581521869,0.9581719804555178
24.0,229.0,3,0.10613002581521869,0.9581719804555178
23.0,230.0,3,0.10613002581521869,0.9581719804555178
21.0,231.0,3,0.10613002581521869,0.9581719804555178
25.0,232.0,3,0.10613002581521869,0.9581719804555178
29.0,233.0,3,0.10613002581521869,0.9581719804555178
38.0,234.0,3,0.10613002581521869,0.9581719804555178
46.0,235.0,3,0.10613002581521869,0.9581719804555178
46.0,236.0,3,0.10613002581521869,0.9581719804555178
48.0,237.0,3,0.10613002581521869,0.9581719804555178
39.0,238.0,3,0.10613002581521869,0.9581719804555178
35.0,239.0,3,0.10613002581521869,0.9581719804555178
29.0,240.0,3,0.10613002581521869,0.9581719804555178
31.0,241.0,3,0.10613002581521869,0.9581719804555178
27.0,242.0,3,0.10613002581521869,0.9581719804555178
25.0,243.0,3,0.10613002581521869,0.9581719804555178
26.0,244.0,3,0.10613002581521869,0.9581719804555178
22.0,245.0,3,0.10613002581521869,0.9581719804555178
19.0,246.0,3,0.10613002581521869,0.9581719804555178
19.0,247.0,3,0.10613002581521869,0.9581719804555178
19.0,248.0,3,0.10613002581521869,0.9581719804555178
18.0,249.0,3,0.10613002581521869,0.9581719804555178
21.0,250.0,3,0.10613002581521869,0.9581719804555178
22.0,251.0,3,0.10613002581521869,0.9581719804555178
26.0,252.0,3,0.10613002581521869,0.9581719804555178
25.0,253.0,3,0.10613002581521869,0.9581719804555178
29.0,254.0,3,0.10613002581521869,0.9581719804555178
29.0,255.0,3,0.10613002581521869,0.9581719804555178
32.0,256.0,3,0.10613002581521869,0.9581719804555178
21.0,257.0,3,0.10613002581521869,0.9581719804555178
20.0,258.0,3,0.10613002581521869,0.9581719804555178
22.0,259.0,3,0.10613002581521869,0.9581719804555178
21.0,260.0,3,0.10613002581521869,0.9581719804555178
21.0,261.0,3,0.10613002581521869,0.9581719804555178
16.0,262.0,3,0.10613002581521869,0.9581719804555178
14.0,263.0,3,0.10613002581521869,0.9581719804555178
11.0,264.0,3,0.10613002581521869,0.9581719804555178
18.0,265.0,3,0.10613002581521869,0.9581719804555178
22.0,266.0,3,0.10613002581521869,0.9581719804555178
20.0,267.0,3,0.10613002581521869,0.9581719804555178
22.0,268.0,3,0.10613002581521869,0.9581719804555178
23.0,269.0,3,0.10613002581521869,0.9581719804555178
25.0,270.0,3,0.10613002581521869,0.9581719804555178
25.0,271.0,3,0.10613002581521869,0.9581719804555178
27.0,272.0,3,0.10613002581521869,0.9581719804555178
26.0,273.0,3,0.10613002581521869,0.9581719804555178
28.0,274.0,3,0.10613002581521869,0.9581719804555178
27.0,275.0,3,0.10613002581521869,0.9581719804555178
32.0,276.0,3,0.10613002581521869,0.9581719804555178
50.0,277.0,3,0.10613002581521869,0.9581719804555178
52.0,278.0,3,0.10613002581521869,0.9581719804555178
38.0,279.0,3,0.10613002581521869,0.9581719804555178
41.0,280.0,3,0.10613002581521869,0.9581719804555178
43.0,281.0,3,0.10613002581521869,0.9581719804555178
36.0,282.0,3,0.10613002581521869,0.9581719804555178
24.0,283.0,3,0.10613002581521869,0.9581719804555178
39.0,284.0,3,0.10613002581521869,0.9581719804555178
40.0,285.0,3,0.10613002581521869,0.9581719804555178
30.0,286.0,3,0.10613002581521869,0.9581719804555178
36.0,287.0,3,0.10613002581521869,0.9581719804555178
35.0,288.0,3,0.10613002581521869,0.9581719804555178
27.0,289.0,3,0.10613002581521869,0.9581719804555178
24.0,290.0,3,0.10613002581521869,0.9581719804555178
21.0,291.0,3,0.10613002581521869,0.9581719804555178
19.0,292.0,3,0.10613002581521869,0.9581719804555178
18.0,293.0,3,0.10613002581521869,0.9581719804555178
14.0,294.0,3,0.10613002581521869,0.9581719804555178
15.0,295.0,3,0.10613002581521869,0.9581719804555178
16.0,296.0,3,0.10613002581521869,0.9581719804555178
20.0,297.0,3,0.10613002581521869,0.9581719804555178
20.0,298.0,3,0.10613002581521869,0.9581719804555178
22.0,299.0,3,0.10613002581521869,0.9581719804555178
21.0,300.0,3,0.10613002581521869,0.9581719804555178
20.0,301.0,3,0.10613002581521869,0.9581719804555178
23.0,302.0,3,0.10613002581521869,0.9581719804555178
20.0,303.0,3,0.10613002581521869,0.9581719804555178
20.0,304.0,3,0.10613002581521869,0.9581719804555178
20.0,305.0,3,0.10613002581521869,0.9581719804555178
22.0,306.0,3,0.10613002581521869,0.9581719804555178
21.0,307.0,3,0.10613002581521869,0.9581719804555178
19.0,308.0,3,0.10613002581521869,0.9581719804555178
18.0,309.0,3,0.10613002581521869,0.9581719804555178
14.0,310.0,3,0.10613002581521869,0.9581719804555178
14.0,311.0,3,0.10613002581521869,0.9581719804555178
18.0,312.0,3,0.10613002581521869,0.9581719804555178
19.0,313.0,3,0.10613002581521869,0.9581719804555178
19.0,314.0,3,0.10613002581521869,0.9581719804555178
20.0,315.0,3,0.10613002581521869,0.9581719804555178
22.0,316.0,3,0.10613002581521869,0.9581719804555178
23.0,317.0,3,0.10613002581521869,0.9581719804555178
21.0,318.0,3,0.10613002581521869,0.9581719804555178
21.0,319.0,3,0.10613002581521869,0.9581719804555178
20.0,320.0,3,0.10613002581521869,0.9581719804555178
20.0,321.0,3,0.10613002581521869,0.9581719804555178
17.0,322.0,3,0.10613002581521869,0.9581719804555178
18.0,323.0,3,0.10613002581521869,0.9581719804555178
15.0,324.0,3,0.10613002581521869,0.9581719804555178
16.0,325.0,3,0.10613002581521869,0.9581719804555178
23.0,326.0,3,0.10613002581521869,0.9581719804555178
24.0,327.0,3,0.10613002581521869,0.9581719804555178
21.0,328.0,3,0.10613002581521869,0.9581719804555178
18.0,329.0,3,0.10613002581521869,0.9581719804555178
16.0,330.0,3,0.10613002581521869,0.9581719804555178
18.0,331.0,3,0.10613002581521869,0.9581719804555178
14.0,332.0,3,0.10613002581521869,0.9581719804555178
13.0,333.0,3,0.10613002581521869,0.9581719804555178
10.0,334.0,3,0.10613002581521869,0.9581719804555178
7.0,335.0,3,0.10613002581521869,0.9581719804555178
7.0,336.0,3,0.10613002581521869,0.9581719804555178
11.0,337.0,3,0.10613002581521869,0.9581719804555178
15.0,338.0,3,0.10613002581521869,0.9581719804555178
17.0,339.0,3,0.10613002581521869,0.9581719804555178
21.0,340.0,3,0.10613002581521869,0.9581719804555178
20.0,341.0,3,0.10613002581521869,0.9581719804555178
19.0,342.0,3,0.10613002581521869,0.9581719804555178
21.0,343.0,3,0.10613002581521869,0.9581719804555178
19.0,344.0,3,0.10613002581521869,0.9581719804555178
20.0,345.0,3,0.10613002581521869,0.9581719804555178
19.0,346.0,3,0.10613002581521869,0.9581719804555178
19.0,347.0,3,0.10613002581521869,0.9581719804555178
19.0,348.0,3,0.10613002581521869,0.9581719804555178
16.0,349.0,3,0.10613002581521869,0.9581719804555178
18.0,350.0,3,0.10613002581521869,0.9581719804555178
18.0,351.0,3,0.10613002581521869,0.9581719804555178
17.0,352.0,3,0.10613002581521869,0.9581719804555178
18.0,353.0,3,0.10613002581521869,0.9581719804555178
20.0,354.0,3,0.10613002581521869,0.9581719804555178
25.0,355.0,3,0.10613002581521869,0.9581719804555178
31.0,356.0,3,0.10613002581521869,0.9581719804555178
33.0,357.0,3,0.10613002581521869,0.9581719804555178
32.0,358.0,3,0.10613002581521869,0.9581719804555178
29.0,359.0,3,0.10613002581521869,0.9581719804555178
25.0,360.0,3,0.10613002581521869,0.9581719804555178
26.0,361.0,3,0.10613002581521869,0.9581719804555178
26.0,362.0,3,0.10613002581521869,0.9581719804555178
25.0,363.0,3,0.10613002581521869,0.9581719804555178
29.0,364.0,3,0.10613002581521869,0.9581719804555178
33.0,365.0,3,0.10613002581521869,0.9581719804555178
0.0,90.0,5,0.6651245767716318,0.47143109468743205
0.0,91.0,5,0.6651245767716318,0.47143109468743205
0.0,92.0,5,0.6651245767716318,0.47143109468743205
0.0,93.0,5,0.6651245767716318,0.47143109468743205
0.0,94.0,5,0.6651245767716318,0.47143109468743205
0.0,95.0,5,0.6651245767716318,0.47143109468743205
0.0,96.0,5,0.6651245767716318,0.47143109468743205
0.0,97.0,5,0.6651245767716318,0.47143109468743205
0.0,98.0,5,0.6651245767716318,0.47143109468743205
0.0,99.0,5,0.6651245767716318,0.47143109468743205
0.0,100.0,5,0.6651245767716318,0.47143109468743205
1.0,101.0,5,0.6651245767716318,0.47143109468743205
1.0,102.0,5,0.6651245767716318,0.47143109468743205
1.0,103.0,5,0.6651245767716318,0.47143109468743205
1.0,104.0,5,0.6651245767716318,0.47143109468743205
0.0,105.0,5,0.6651245767716318,0.47143109468743205
0.0,106.0,5,0.6651245767716318,0.47143109468743205
0.0,107.0,5,0.6651245767716318,0.47143109468743205
1.0,108.0,5,0.6651245767716318,0.47143109468743205
2.0,109.0,5,0.6651245767716318,0.47143109468743205
3.0,110.0,5,0.6651245767716318,0.47143109468743205
1.0,111.0,5,0.6651245767716318,0.47143109468743205
1.0,112.0,5,0.6651245767716318,0.47143109468743205
1.0,113.0,5,0.6651245767716318,0.47143109468743205
1.0,114.0,5,0.6651245767716318,0.47143109468743205
1.0,115.0,5,0.6651245767716318,0.47143109468743205
2.0,116.0,5,0.6651245767716318,0.47143109468743205
6.0,117.0,5,0.6651245767716318,0.47143109468743205
7.0,118.0,5,0.6651245767716318,0.47143109468743205
6.0,119.0,5,0.6651245767716318,0.47143109468743205
6.0,120.0,5,0.6651245767716318,0.47143109468743205
9.0,121.0,5,0.6651245767716318,0.47143109468743205
9.0,122.0,5,0.6651245767716318,0.47143109468743205
7.0,123.0,5,0.6651245767716318,0.47143109468743205
4.0,124.0,5,0.6651245767716318,0.47143109468743205
2.0,125.0,5,0.6651245767716318,0.47143109468743205
2.0,126.0,5,0.6651245767716318,0.47143109468743205
4.0,127.0,5,0.6651245767716318,0.47143109468743205
2.0,128.0,5,0.6651245767716318,0.47143109468743205
3.0,129.0,5,0.6651245767716318,0.47143109468743205
4.0,130.0,5,0.6651245767716318,0.47143109468743205
8.0,131.0,5,0.6651245767716318,0.47143109468743205
10.0,132.0,5,0.6651245767716318,0.47143109468743205
10.0,133.0,5,0.6651245767716318,0.47143109468743205
10.0,134.0,5,0.6651245767716318,0.47143109468743205
8.0,135.0,5,0.6651245767716318,0.47143109468743205
8.0,136.0,5,0.6651245767716318,0.47143109468743205
7.0,137.0,5,0.6651245767716318,0.47143109468743205
3.0,138.0,5,0.6651245767716318,0.47143109468743205
0.0,139.0,5,0.6651245767716318,0.47143109468743205
0.0,140.0,5,0.6651245767716318,0.47143109468743205
0.0,141.0,5,0.6651245767716318,0.47143109468743205
1.0,142.0,5,0.6651245767716318,0.47143109468743205
1.0,143.0,5,0.6651245767716318,0.47143109468743205
1.0,144.0,5,0.6651245767716318,0.47143109468743205
1.0,145.0,5,0.6651245767716318,0.47143109468743205
1.0,146.0,5,0.6651245767716318,0.47143109468743205
1.0,147.0,5,0.6651245767716318,0.47143109468743205
1.0,148.0,5,0.6651245767716318,0.47143109468743205
1.0,149.0,5,0.6651245767716318,0.47143109468743205
1.0,150.0,5,0.6651245767716318,0.47143109468743205
1.0,151.0,5,0.6651245767716318,0.47143109468743205
1.0,152.0,5,0.6651245767716318,0.47143109468743205
1.0,153.0,5,0.6651245767716318,0.47143109468743205
0.0,154.0,5,0.6651245767716318,0.47143109468743205
0.0,155.0,5,0.6651245767716318,0.47143109468743205
0.0,156.0,5,0.6651245767716318,0.47143109468743205
0.0,157.0,5,0.6651245767716318,0.47143109468743205
0.0,158.0,5,0.6651245767716318,0.47143109468743205
1.0,159.0,5,0.6651245767716318,0.47143109468743205
0.0,160.0,5,0.6651245767716318,0.47143109468743205
0.0,161.0,5,0.6651245767716318,0.47143109468743205
0.0,162.0,5,0.6651245767716318,0.47143109468743205
0.0,163.0,5,0.6651245767716318,0.47143109468743205
0.0,164.0,5,0.6651245767716318,0.47143109468743205
0.0,165.0,5,0.6651245767716318,0.47143109468743205
0.0,166.0,5,0.6651245767716318,0.47143109468743205
0.0,167.0,5,0.6651245767716318,0.47143109468743205
0.0,168.0,5,0.6651245767716318,0.47143109468743205
0.0,169.0,5,0.6651245767716318,0.47143109468743205
0.0,170.0,5,0.6651245767716318,0.47143109468743205
0.0,171.0,5,0.6651245767716318,0.47143109468743205
0.0,172.0,5,0.6651245767716318,0.47143109468743205
0.0,173.0,5,0.6651245767716318,0.47143109468743205
0.0,174.0,5,0.6651245767716318,0.47143109468743205
0.0,175.0,5,0.6651245767716318,0.47143109468743205
0.0,176.0,5,0.6651245767716318,0.47143109468743205
0.0,177.0,5,0.6651245767716318,0.47143109468743205
0.0,178.0,5,0.6651245767716318,0.47143109468743205
0.0,179.0,5,0.6651245767716318,0.47143109468743205
1.0,180.0,5,0.6651245767716318,0.47143109468743205
1.0,181.0,5,0.6651245767716318,0.47143109468743205
0.0,182.0,5,0.6651245767716318,0.47143109468743205
0.0,183.0,5,0.6651245767716318,0.47143109468743205
1.0,184.0,5,0.6651245767716318,0.47143109468743205
2.0,185.0,5,0.6651245767716318,0.47143109468743205
2.0,186.0,5,0.6651245767716318,0.47143109468743205
2.0,187.0,5,0.6651245767716318,0.47143109468743205
4.0,188.0,5,0.6651245767716318,0.47143109468743205
4.0,189.0,5,0.6651245767716318,0.47143109468743205
4.0,190.0,5,0.6651245767716318,0.47143109468743205
2.0,191.0,5,0.6651245767716318,0.47143109468743205
1.0,192.0,5,0.6651245767716318,0.47143109468743205
1.0,193.0,5,0.6651245767716318,0.47143109468743205
2.0,194.0,5,0.6651245767716318,0.47143109468743205
2.0,195.0,5,0.6651245767716318,0.47143109468743205
3.0,196.0,5,0.6651245767716318,0.47143109468743205
4.0,197.0,5,0.6651245767716318,0.47143109468743205
2.0,198.0,5,0.6651245767716318,0.47143109468743205
0.0,199.0,5,0.6651245767716318,0.47143109468743205
0.0,200.0,5,0.6651245767716318,0.47143109468743205
0.0,201.0,5,0.6651245767716318,0.47143109468743205
1.0,202.0,5,0.6651245767716318,0.47143109468743205
1.0,203.0,5,0.6651245767716318,0.47143109468743205
1.0,204.0,5,0.6651245767716318,0.47143109468743205
1.0,205.0,5,0.6651245767716318,0.47143109468743205
0.0,206.0,5,0.6651245767716318,0.47143109468743205
1.0,207.0,5,0.6651245767716318,0.47143109468743205
1.0,208.0,5,0.6651245767716318,0.47143109468743205
1.0,209.0,5,0.6651245767716318,0.47143109468743205
1.0,210.0,5,0.6651245767716318,0.47143109468743205
1.0,211.0,5,0.6651245767716318,0.47143109468743205
0.0,212.0,5,0.6651245767716318,0.47143109468743205
1.0,213.0,5,0.6651245767716318,0.47143109468743205
1.0,214.0,5,0.6651245767716318,0.47143109468743205
1.0,215.0,5,0.6651245767716318,0.47143109468743205
1.0,216.0,5,0.6651245767716318,0.47143109468743205
0.0,217.0,5,0.6651245767716318,0.47143109468743205
1.0,218.0,5,0.6651245767716318,0.47143109468743205
1.0,219.0,5,0.6651245767716318,0.47143109468743205
1.0,220.0,5,0.6651245767716318,0.47143109468743205
1.0,221.0,5,0.6651245767716318,0.47143109468743205
2.0,222.0,5,0.6651245767716318,0.47143109468743205
1.0,223.0,5,0.6651245767716318,0.47143109468743205
1.0,224.0,5,0.6651245767716318,0.47143109468743205
0.0,225.0,5,0.6651245767716318,0.47143109468743205
1.0,226.0,5,0.6651245767716318,0.47143109468743205
1.0,227.0,5,0.6651245767716318,0.47143109468743205
1.0,228.0,5,0.6651245767716318,0.47143109468743205
1.0,229.0,5,0.6651245767716318,0.47143109468743205
1.0,230.0,5,0.6651245767716318,0.47143109468743205
1.0,231.0,5,0.6651245767716318,0.47143109468743205
3.0,232.0,5,0.6651245767716318,0.47143109468743205
5.0,233.0,5,0.6651245767716318,0.47143109468743205
9.0,234.0,5,0.6651245767716318,0.47143109468743205
9.0,235.0,5,0.6651245767716318,0.47143109468743205
6.0,236.0,5,0.6651245767716318,0.47143109468743205
5.0,237.0,5,0.6651245767716318,0.47143109468743205
5.0,238.0,5,0.6651245767716318,0.47143109468743205
3.0,239.0,5,0.6651245767716318,0.47143109468743205
1.0,240.0,5,0.6651245767716318,0.47143109468743205
3.0,241.0,5,0.6651245767716318,0.47143109468743205
11.0,242.0,5,0.6651245767716318,0.47143109468743205
13.0,243.0,5,0.6651245767716318,0.47143109468743205
6.0,244.0,5,0.6651245767716318,0.47143109468743205
10.0,245.0,5,0.6651245767716318,0.47143109468743205
4.0,246.0,5,0.6651245767716318,0.47143109468743205
4.0,247.0,5,0.6651245767716318,0.47143109468743205
3.0,248.0,5,0.6651245767716318,0.47143109468743205
2.0,249.0,5,0.6651245767716318,0.47143109468743205
4.0,250.0,5,0.6651245767716318,0.47143109468743205
7.0,251.0,5,0.6651245767716318,0.47143109468743205
4.0,252.0,5,0.6651245767716318,0.47143109468743205
1.0,253.0,5,0.6651245767716318,0.47143109468743205
1.0,254.0,5,0.6651245767716318,0.47143109468743205
1.0,255.0,5,0.6651245767716318,0.47143109468743205
2.0,256.0,5,0.6651245767716318,0.47143109468743205
1.0,257.0,5,0.6651245767716318,0.47143109468743205
1.0,258.0,5,0.6651245767716318,0.47143109468743205
1.0,259.0,5,0.6651245767716318,0.47143109468743205
1.0,260.0,5,0.6651245767716318,0.47143109468743205
0.0,261.0,5,0.6651245767716318,0.47143109468743205
0.0,262.0,5,0.6651245767716318,0.47143109468743205
0.0,263.0,5,0.6651245767716318,0.47143109468743205
0.0,264.0,5,0.6651245767716318,0.47143109468743205
0.0,265.0,5,0.6651245767716318,0.47143109468743205
0.0,266.0,5,0.6651245767716318,0.47143109468743205
0.0,267.0,5,0.6651245767716318,0.47143109468743205
0.0,268.0,5,0.6651245767716318,0.47143109468743205
0.0,269.0,5,0.6651245767716318,0.47143109468743205
0.0,270.0,5,0.6651245767716318,0.47143109468743205
0.0,271.0,5,0.6651245767716318,0.47143109468743205
0.0,272.0,5,0.6651245767716318,0.47143109468743205
0.0,273.0,5,0.6651245767716318,0.47143109468743205
0.0,274.0,5,0.6651245767716318,0.47143109468743205
0.0,275.0,5,0.6651245767716318,0.47143109468743205
0.0,276.0,5,0.6651245767716318,0.47143109468743205
0.0,277.0,5,0.6651245767716318,0.47143109468743205
0.0,278.0,5,0.6651245767716318,0.47143109468743205
0.0,279.0,5,0.6651245767716318,0.47143109468743205
0.0,280.0,5,0.6651245767716318,0.47143109468743205
0.0,281.0,5,0.6651245767716318,0.47143109468743205
0.0,282.0,5,0.6651245767716318,0.47143109468743205
0.0,283.0,5,0.6651245767716318,0.47143109468743205
1.0,284.0,5,0.6651245767716318,0.47143109468743205
1.0,285.0,5,0.6651245767716318,0.47143109468743205
1.0,286.0,5,0.6651245767716318,0.47143109468743205
0.0,287.0,5,0.6651245767716318,0.47143109468743205
0.0,288.0,5,0.6651245767716318,0.47143109468743205
0.0,289.0,5,0.6651245767716318,0.47143109468743205
0.0,290.0,5,0.6651245767716318,0.47143109468743205
0.0,291.0,5,0.6651245767716318,0.47143109468743205
0.0,292.0,5,0.6651245767716318,0.47143109468743205
0.0,293.0,5,0.6651245767716318,0.47143109468743205
0.0,294.0,5,0.6651245767716318,0.47143109468743205
0.0,295.0,5,0.6651245767716318,0.47143109468743205
0.0,296.0,5,0.6651245767716318,0.47143109468743205
0.0,297.0,5,0.6651245767716318,0.47143109468743205
0.0,298.0,5,0.6651245767716318,0.47143109468743205
0.0,299.0,5,0.6651245767716318,0.47143109468743205
0.0,300.0,5,0.6651245767716318,0.47143109468743205
0.0,301.0,5,0.6651245767716318,0.47143109468743205
0.0,302.0,5,0.6651245767716318,0.47143109468743205
0.0,303.0,5,0.6651245767716318,0.47143109468743205
0.0,304.0,5,0.6651245767716318,0.47143109468743205
0.0,305.0,5,0.6651245767716318,0.47143109468743205
0.0,306.0,5,0.6651245767716318,0.47143109468743205
0.0,307.0,5,0.6651245767716318,0.47143109468743205
1.0,308.0,5,0.6651245767716318,0.47143109468743205
2.0,309.0,5,0.6651245767716318,0.47143109468743205
3.0,310.0,5,0.6651245767716318,0.47143109468743205
3.0,311.0,5,0.6651245767716318,0.47143109468743205
4.0,312.0,5,0.6651245767716318,0.47143109468743205
5.0,313.0,5,0.6651245767716318,0.47143109468743205
3.0,314.0,5,0.6651245767716318,0.47143109468743205
1.0,315.0,5,0.6651245767716318,0.47143109468743205
2.0,316.0,5,0.6651245767716318,0.47143109468743205
1.0,317.0,5,0.6651245767716318,0.47143109468743205
0.0,318.0,5,0.6651245767716318,0.47143109468743205
0.0,319.0,5,0.6651245767716318,0.47143109468743205
0.0,320.0,5,0.6651245767716318,0.47143109468743205
0.0,321.0,5,0.6651245767716318,0.47143109468743205
0.0,322.0,5,0.6651245767716318,0.47143109468743205
0.0,323.0,5,0.6651245767716318,0.47143109468743205
0.0,324.0,5,0.6651245767716318,0.47143109468743205
0.0,325.0,5,0.6651245767716318,0.47143109468743205
0.0,326.0,5,0.6651245767716318,0.47143109468743205
0.0,327.0,5,0.6651245767716318,0.47143109468743205
0.0,328.0,5,0.6651245767716318,0.47143109468743205
0.0,329.0,5,0.6651245767716318,0.47143109468743205
0.0,330.0,5,0.6651245767716318,0.47143109468743205
0.0,331.0,5,0.6651245767716318,0.47143109468743205
0.0,332.0,5,0.6651245767716318,0.47143109468743205
0.0,333.0,5,0.6651245767716318,0.47143109468743205
0.0,334.0,5,0.6651245767716318,0.47143109468743205
0.0,335.0,5,0.6651245767716318,0.47143109468743205
0.0,336.0,5,0.6651245767716318,0.47143109468743205
0.0,337.0,5,0.6651245767716318,0.47143109468743205
0.0,338.0,5,0.6651245767716318,0.47143109468743205
1.0,339.0,5,0.6651245767716318,0.47143109468743205
1.0,340.0,5,0.6651245767716318,0.47143109468743205
1.0,341.0,5,0.6651245767716318,0.47143109468743205
1.0,342.0,5,0.6651245767716318,0.47143109468743205
2.0,343.0,5,0.6651245767716318,0.47143109468743205
1.0,344.0,5,0.6651245767716318,0.47143109468743205
0.0,345.0,5,0.6651245767716318,0.47143109468743205
0.0,346.0,5,0.6651245767716318,0.47143109468743205
0.0,347.0,5,0.6651245767716318,0.47143109468743205
0.0,348.0,5,0.6651245767716318,0.47143109468743205
1.0,349.0,5,0.6651245767716318,0.47143109468743205
1.0,350.0,5,0.6651245767716318,0.47143109468743205
1.0,351.0,5,0.6651245767716318,0.47143109468743205
1.0,352.0,5,0.6651245767716318,0.47143109468743205
1.0,353.0,5,0.6651245767716318,0.47143109468743205
0.0,354.0,5,0.6651245767716318,0.47143109468743205
0.0,355.0,5,0.6651245767716318,0.47143109468743205
0.0,356.0,5,0.6651245767716318,0.47143109468743205
0.0,357.0,5,0.6651245767716318,0.47143109468743205
0.0,358.0,5,0.6651245767716318,0.47143109468743205
0.0,359.0,5,0.6651245767716318,0.47143109468743205
0.0,360.0,5,0.6651245767716318,0.47143109468743205
0.0,361.0,5,0.6651245767716318,0.47143109468743205
0.0,362.0,5,0.6651245767716318,0.47143109468743205
0.0,363.0,5,0.6651245767716318,0.47143109468743205
0.0,364.0,5,0.6651245767716318,0.47143109468743205
0.0,365.0,5,0.6651245767716318,0.47143109468743205
23.0,90.0,2,0.7050114828161895,0.6438529794104397
19.0,91.0,2,0.7050114828161895,0.6438529794104397
16.0,92.0,2,0.7050114828161895,0.6438529794104397
19.0,93.0,2,0.7050114828161895,0.6438529794104397
11.0,94.0,2,0.7050114828161895,0.6438529794104397
6.0,95.0,2,0.7050114828161895,0.6438529794104397
3.0,96.0,2,0.7050114828161895,0.6438529794104397
2.0,97.0,2,0.7050114828161895,0.6438529794104397
2.0,98.0,2,0.7050114828161895,0.6438529794104397
2.0,99.0,2,0.7050114828161895,0.6438529794104397
2.0,100.0,2,0.7050114828161895,0.6438529794104397
2.0,101.0,2,0.7050114828161895,0.6438529794104397
2.0,102.0,2,0.7050114828161895,0.6438529794104397
2.0,103.0,2,0.7050114828161895,0.6438529794104397
0.0,104.0,2,0.7050114828161895,0.6438529794104397
2.0,105.0,2,0.7050114828161895,0.6438529794104397
3.0,106.0,2,0.7050114828161895,0.6438529794104397
4.0,107.0,2,0.7050114828161895,0.6438529794104397
4.0,108.0,2,0.7050114828161895,0.6438529794104397
9.0,109.0,2,0.7050114828161895,0.6438529794104397
10.0,110.0,2,0.7050114828161895,0.6438529794104397
12.0,111.0,2,0.7050114828161895,0.6438529794104397
14.0,112.0,2,0.7050114828161895,0.6438529794104397
15.0,113.0,2,0.7050114828161895,0.6438529794104397
13.0,114.0,2,0.7050114828161895,0.6438529794104397
9.0,115.0,2,0.7050114828161895,0.6438529794104397
10.0,116.0,2,0.7050114828161895,0.6438529794104397
12.0,117.0,2,0.7050114828161895,0.6438529794104397
3.0,118.0,2,0.7050114828161895,0.6438529794104397
5.0,119.0,2,0.7050114828161895,0.6438529794104397
3.0,120.0,2,0.7050114828161895,0.6438529794104397
6.0,121.0,2,0.7050114828161895,0.6438529794104397
8.0,122.0,2,0.7050114828161895,0.6438529794104397
10.0,123.0,2,0.7050114828161895,0.6438529794104397
10.0,124.0,2,0.7050114828161895,0.6438529794104397
15.0,125.0,2,0.7050114828161895,0.6438529794104397
19.0,126.0,2,0.7050114828161895,0.6438529794104397
14.0,127.0,2,0.7050114828161895,0.6438529794104397
15.0,128.0,2,0.7050114828161895,0.6438529794104397
10.0,129.0,2,0.7050114828161895,0.6438529794104397
9.0,130.0,2,0.7050114828161895,0.6438529794104397
11.0,131.0,2,0.7050114828161895,0.6438529794104397
20.0,132.0,2,0.7050114828161895,0.6438529794104397
24.0,133.0,2,0.7050114828161895,0.6438529794104397
22.0,134.0,2,0.7050114828161895,0.6438529794104397
19.0,135.0,2,0.7050114828161895,0.6438529794104397
21.0,136.0,2,0.7050114828161895,0.6438529794104397
21.0,137.0,2,0.7050114828161895,0.6438529794104397
22.0,138.0,2,0.7050114828161895,0.6438529794104397
22.0,139.0,2,0.7050114828161895,0.6438529794104397
21.0,140.0,2,0.7050114828161895,0.6438529794104397
21.0,141.0,2,0.7050114828161895,0.6438529794104397
13.0,142.0,2,0.7050114828161895,0.6438529794104397
9.0,143.0,2,0.7050114828161895,0.6438529794104397
2.0,144.0,2,0.7050114828161895,0.6438529794104397
1.0,145.0,2,0.7050114828161895,0.6438529794104397
1.0,146.0,2,0.7050114828161895,0.6438529794104397
1.0,147.0,2,0.7050114828161895,0.6438529794104397
1.0,148.0,2,0.7050114828161895,0.6438529794104397
1.0,149.0,2,0.7050114828161895,0.6438529794104397
2.0,150.0,2,0.7050114828161895,0.6438529794104397
2.0,151.0,2,0.7050114828161895,0.6438529794104397
4.0,152.0,2,0.7050114828161895,0.6438529794104397
6.0,153.0,2,0.7050114828161895,0.6438529794104397
5.0,154.0,2,0.7050114828161895,0.6438529794104397
5.0,155.0,2,0.7050114828161895,0.6438529794104397
3.0,156.0,2,0.7050114828161895,0.6438529794104397
5.0,157.0,2,0.7050114828161895,0.6438529794104397
4.0,158.0,2,0.7050114828161895,0.6438529794104397
3.0,159.0,2,0.7050114828161895,0.6438529794104397
3.0,160.0,2,0.7050114828161895,0.6438529794104397
1.0,161.0,2,0.7050114828161895,0.6438529794104397
1.0,162.0,2,0.7050114828161895,0.6438529794104397
1.0,163.0,2,0.7050114828161895,0.6438529794104397
2.0,164.0,2,0.7050114828161895,0.6438529794104397
1.0,165.0,2,0.7050114828161895,0.6438529794104397
1.0,166.0,2,0.7050114828161895,0.6438529794104397
2.0,167.0,2,0.7050114828161895,0.6438529794104397
4.0,168.0,2,0.7050114828161895,0.6438529794104397
10.0,169.0,2,0.7050114828161895,0.6438529794104397
13.0,170.0,2,0.7050114828161895,0.6438529794104397
12.0,171.0,2,0.7050114828161895,0.6438529794104397
8.0,172.0,2,0.7050114828161895,0.6438529794104397
3.0,173.0,2,0.7050114828161895,0.6438529794104397
3.0,174.0,2,0.7050114828161895,0.6438529794104397
2.0,175.0,2,0.7050114828161895,0.6438529794104397
3.0,176.0,2,0.7050114828161895,0.6438529794104397
2.0,177.0,2,0.7050114828161895,0.6438529794104397
1.0,178.0,2,0.7050114828161895,0.6438529794104397
1.0,179.0,2,0.7050114828161895,0.6438529794104397
0.0,180.0,2,0.7050114828161895,0.6438529794104397
0.0,181.0,2,0.7050114828161895,0.6438529794104397
0.0,182.0,2,0.7050114828161895,0.6438529794104397
1.0,183.0,2,0.7050114828161895,0.6438529794104397
1.0,184.0,2,0.7050114828161895,0.6438529794104397
1.0,185.0,2,0.7050114828161895,0.6438529794104397
1.0,186.0,2,0.7050114828161895,0.6438529794104397
1.0,187.0,2,0.7050114828161895,0.6438529794104397
1.0,188.0,2,0.7050114828161895,0.6438529794104397
2.0,189.0,2,0.7050114828161895,0.6438529794104397
3.0,190.0,2,0.7050114828161895,0.6438529794104397
5.0,191.0,2,0.7050114828161895,0.6438529794104397
5.0,192.0,2,0.7050114828161895,0.6438529794104397
4.0,193.0,2,0.7050114828161895,0.6438529794104397
10.0,194.0,2,0.7050114828161895,0.6438529794104397
14.0,195.0,2,0.7050114828161895,0.6438529794104397
10.0,196.0,2,0.7050114828161895,0.6438529794104397
14.0,197.0,2,0.7050114828161895,0.6438529794104397
10.0,198.0,2,0.7050114828161895,0.6438529794104397
6.0,199.0,2,0.7050114828161895,0.6438529794104397
6.0,200.0,2,0.7050114828161895,0.6438529794104397
5.0,201.0,2,0.7050114828161895,0.6438529794104397
3.0,202.0,2,0.7050114828161895,0.6438529794104397
3.0,203.0,2,0.7050114828161895,0.6438529794104397
2.0,204.0,2,0.7050114828161895,0.6438529794104397
2.0,205.0,2,0.7050114828161895,0.6438529794104397
4.0,206.0,2,0.7050114828161895,0.6438529794104397
3.0,207.0,2,0.7050114828161895,0.6438529794104397
3.0,208.0,2,0.7050114828161895,0.6438529794104397
4.0,209.0,2,0.7050114828161895,0.6438529794104397
3.0,210.0,2,0.7050114828161895,0.6438529794104397
4.0,211.0,2,0.7050114828161895,0.6438529794104397
2.0,212.0,2,0.7050114828161895,0.6438529794104397
1.0,213.0,2,0.7050114828161895,0.6438529794104397
2.0,214.0,2,0.7050114828161895,0.6438529794104397
4.0,215.0,2,0.7050114828161895,0.6438529794104397
3.0,216.0,2,0.7050114828161895,0.6438529794104397
5.0,217.0,2,0.7050114828161895,0.6438529794104397
3.0,218.0,2,0.7050114828161895,0.6438529794104397
1.0,219.0,2,0.7050114828161895,0.6438529794104397
1.0,220.0,2,0.7050114828161895,0.6438529794104397
1.0,221.0,2,0.7050114828161895,0.6438529794104397
0.0,222.0,2,0.7050114828161895,0.6438529794104397
1.0,223.0,2,0.7050114828161895,0.6438529794104397
2.0,224.0,2,0.7050114828161895,0.6438529794104397
2.0,225.0,2,0.7050114828161895,0.6438529794104397
2.0,226.0,2,0.7050114828161895,0.6438529794104397
2.0,227.0,2,0.7050114828161895,0.6438529794104397
2.0,228.0,2,0.7050114828161895,0.6438529794104397
4.0,229.0,2,0.7050114828161895,0.6438529794104397
6.0,230.0,2,0.7050114828161895,0.6438529794104397
8.0,231.0,2,0.7050114828161895,0.6438529794104397
4.0,232.0,2,0.7050114828161895,0.6438529794104397
4.0,233.0,2,0.7050114828161895,0.6438529794104397
2.0,234.0,2,0.7050114828161895,0.6438529794104397
1.0,235.0,2,0.7050114828161895,0.6438529794104397
1.0,236.0,2,0.7050114828161895,0.6438529794104397
2.0,237.0,2,0.7050114828161895,0.6438529794104397
5.0,238.0,2,0.7050114828161895,0.6438529794104397
5.0,239.0,2,0.7050114828161895,0.6438529794104397
8.0,240.0,2,0.7050114828161895,0.6438529794104397
8.0,241.0,2,0.7050114828161895,0.6438529794104397
9.0,242.0,2,0.7050114828161895,0.6438529794104397
6.0,243.0,2,0.7050114828161895,0.6438529794104397
6.0,244.0,2,0.7050114828161895,0.6438529794104397
4.0,245.0,2,0.7050114828161895,0.6438529794104397
5.0,246.0,2,0.7050114828161895,0.6438529794104397
4.0,247.0,2,0.7050114828161895,0.6438529794104397
4.0,248.0,2,0.7050114828161895,0.6438529794104397
6.0,249.0,2,0.7050114828161895,0.6438529794104397
7.0,250.0,2,0.7050114828161895,0.6438529794104397
2.0,251.0,2,0.7050114828161895,0.6438529794104397
4.0,252.0,2,0.7050114828161895,0.6438529794104397
3.0,253.0,2,0.7050114828161895,0.6438529794104397
2.0,254.0,2,0.7050114828161895,0.6438529794104397
2.0,255.0,2,0.7050114828161895,0.6438529794104397
2.0,256.0,2,0.7050114828161895,0.6438529794104397
6.0,257.0,2,0.7050114828161895,0.6438529794104397
7.0,258.0,2,0.7050114828161895,0.6438529794104397
9.0,259.0,2,0.7050114828161895,0.6438529794104397
6.0,260.0,2,0.7050114828161895,0.6438529794104397
1.0,261.0,2,0.7050114828161895,0.6438529794104397
1.0,262.0,2,0.7050114828161895,0.6438529794104397
2.0,263.0,2,0.7050114828161895,0.6438529794104397
3.0,264.0,2,0.7050114828161895,0.6438529794104397
4.0,265.0,2,0.7050114828161895,0.6438529794104397
11.0,266.0,2,0.7050114828161895,0.6438529794104397
12.0,267.0,2,0.7050114828161895,0.6438529794104397
12.0,268.0,2,0.7050114828161895,0.6438529794104397
12.0,269.0,2,0.7050114828161895,0.6438529794104397
13.0,270.0,2,0.7050114828161895,0.6438529794104397
15.0,271.0,2,0.7050114828161895,0.6438529794104397
12.0,272.0,2,0.7050114828161895,0.6438529794104397
13.0,273.0,2,0.7050114828161895,0.6438529794104397
17.0,274.0,2,0.7050114828161895,0.6438529794104397
20.0,275.0,2,0.7050114828161895,0.6438529794104397
16.0,276.0,2,0.7050114828161895,0.6438529794104397
15.0,277.0,2,0.7050114828161895,0.6438529794104397
14.0,278.0,2,0.7050114828161895,0.6438529794104397
12.0,279.0,2,0.7050114828161895,0.6438529794104397
11.0,280.0,2,0.7050114828161895,0.6438529794104397
8.0,281.0,2,0.7050114828161895,0.6438529794104397
2.0,282.0,2,0.7050114828161895,0.6438529794104397
1.0,283.0,2,0.7050114828161895,0.6438529794104397
0.0,284.0,2,0.7050114828161895,0.6438529794104397
0.0,285.0,2,0.7050114828161895,0.6438529794104397
1.0,286.0,2,0.7050114828161895,0.6438529794104397
1.0,287.0,2,0.7050114828161895,0.6438529794104397
2.0,288.0,2,0.7050114828161895,0.6438529794104397
2.0,289.0,2,0.7050114828161895,0.6438529794104397
1.0,290.0,2,0.7050114828161895,0.6438529794104397
1.0,291.0,2,0.7050114828161895,0.6438529794104397
1.0,292.0,2,0.7050114828161895,0.6438529794104397
4.0,293.0,2,0.7050114828161895,0.6438529794104397
4.0,294.0,2,0.7050114828161895,0.6438529794104397
3.0,295.0,2,0.7050114828161895,0.6438529794104397
2.0,296.0,2,0.7050114828161895,0.6438529794104397
4.0,297.0,2,0.7050114828161895,0.6438529794104397
1.0,298.0,2,0.7050114828161895,0.6438529794104397
2.0,299.0,2,0.7050114828161895,0.6438529794104397
1.0,300.0,2,0.7050114828161895,0.6438529794104397
1.0,301.0,2,0.7050114828161895,0.6438529794104397
2.0,302.0,2,0.7050114828161895,0.6438529794104397
3.0,303.0,2,0.7050114828161895,0.6438529794104397
2.0,304.0,2,0.7050114828161895,0.6438529794104397
4.0,305.0,2,0.7050114828161895,0.6438529794104397
4.0,306.0,2,0.7050114828161895,0.6438529794104397
3.0,307.0,2,0.7050114828161895,0.6438529794104397
4.0,308.0,2,0.7050114828161895,0.6438529794104397
5.0,309.0,2,0.7050114828161895,0.6438529794104397
4.0,310.0,2,0.7050114828161895,0.6438529794104397
4.0,311.0,2,0.7050114828161895,0.6438529794104397
2.0,312.0,2,0.7050114828161895,0.6438529794104397
3.0,313.0,2,0.7050114828161895,0.6438529794104397
6.0,314.0,2,0.7050114828161895,0.6438529794104397
5.0,315.0,2,0.7050114828161895,0.6438529794104397
10.0,316.0,2,0.7050114828161895,0.6438529794104397
7.0,317.0,2,0.7050114828161895,0.6438529794104397
4.0,318.0,2,0.7050114828161895,0.6438529794104397
8.0,319.0,2,0.7050114828161895,0.6438529794104397
8.0,320.0,2,0.7050114828161895,0.6438529794104397
4.0,321.0,2,0.7050114828161895,0.6438529794104397
1.0,322.0,2,0.7050114828161895,0.6438529794104397
1.0,323.0,2,0.7050114828161895,0.6438529794104397
2.0,324.0,2,0.7050114828161895,0.6438529794104397
2.0,325.0,2,0.7050114828161895,0.6438529794104397
3.0,326.0,2,0.7050114828161895,0.6438529794104397
3.0,327.0,2,0.7050114828161895,0.6438529794104397
1.0,328.0,2,0.7050114828161895,0.6438529794104397
0.0,329.0,2,0.7050114828161895,0.6438529794104397
0.0,330.0,2,0.7050114828161895,0.6438529794104397
0.0,331.0,2,0.7050114828161895,0.6438529794104397
1.0,332.0,2,0.7050114828161895,0.6438529794104397
1.0,333.0,2,0.7050114828161895,0.6438529794104397
1.0,334.0,2,0.7050114828161895,0.6438529794104397
1.0,335.0,2,0.7050114828161895,0.6438529794104397
1.0,336.0,2,0.7050114828161895,0.6438529794104397
1.0,337.0,2,0.7050114828161895,0.6438529794104397
1.0,338.0,2,0.7050114828161895,0.6438529794104397
1.0,339.0,2,0.7050114828161895,0.6438529794104397
1.0,340.0,2,0.7050114828161895,0.6438529794104397
1.0,341.0,2,0.7050114828161895,0.6438529794104397
1.0,342.0,2,0.7050114828161895,0.6438529794104397
1.0,343.0,2,0.7050114828161895,0.6438529794104397
1.0,344.0,2,0.7050114828161895,0.6438529794104397
0.0,345.0,2,0.7050114828161895,0.6438529794104397
0.0,346.0,2,0.7050114828161895,0.6438529794104397
0.0,347.0,2,0.7050114828161895,0.6438529794104397
0.0,348.0,2,0.7050114828161895,0.6438529794104397
0.0,349.0,2,0.7050114828161895,0.6438529794104397
0.0,350.0,2,0.7050114828161895,0.6438529794104397
0.0,351.0,2,0.7050114828161895,0.6438529794104397
0.0,352.0,2,0.7050114828161895,0.6438529794104397
0.0,353.0,2,0.7050114828161895,0.6438529794104397
0.0,354.0,2,0.7050114828161895,0.6438529794104397
0.0,355.0,2,0.7050114828161895,0.6438529794104397
0.0,356.0,2,0.7050114828161895,0.6438529794104397
0.0,357.0,2,0.7050114828161895,0.6438529794104397
0.0,358.0,2,0.7050114828161895,0.6438529794104397
0.0,359.0,2,0.7050114828161895,0.6438529794104397
0.0,360.0,2,0.7050114828161895,0.6438529794104397
0.0,361.0,2,0.7050114828161895,0.6438529794104397
0.0,362.0,2,0.7050114828161895,0.6438529794104397
0.0,363.0,2,0.7050114828161895,0.6438529794104397
0.0,364.0,2,0.7050114828161895,0.6438529794104397
0.0,365.0,2,0.7050114828161895,0.6438529794104397
41.0,90.0,6,0.29719539638608694,0.9157883571460843
46.0,91.0,6,0.29719539638608694,0.9157883571460843
39.0,92.0,6,0.29719539638608694,0.9157883571460843
36.0,93.0,6,0.29719539638608694,0.9157883571460843
32.0,94.0,6,0.29719539638608694,0.9157883571460843
23.0,95.0,6,0.29719539638608694,0.9157883571460843
24.0,96.0,6,0.29719539638608694,0.9157883571460843
22.0,97.0,6,0.29719539638608694,0.9157883571460843
16.0,98.0,6,0.29719539638608694,0.9157883571460843
12.0,99.0,6,0.29719539638608694,0.9157883571460843
8.0,100.0,6,0.29719539638608694,0.9157883571460843
7.0,101.0,6,0.29719539638608694,0.9157883571460843
5.0,102.0,6,0.29719539638608694,0.9157883571460843
5.0,103.0,6,0.29719539638608694,0.9157883571460843
5.0,104.0,6,0.29719539638608694,0.9157883571460843
7.0,105.0,6,0.29719539638608694,0.9157883571460843
8.0,106.0,6,0.29719539638608694,0.9157883571460843
7.0,107.0,6,0.29719539638608694,0.9157883571460843
8.0,108.0,6,0.29719539638608694,0.9157883571460843
5.0,109.0,6,0.29719539638608694,0.9157883571460843
3.0,110.0,6,0.29719539638608694,0.9157883571460843
0.0,111.0,6,0.29719539638608694,0.9157883571460843
2.0,112.0,6,0.29719539638608694,0.9157883571460843
4.0,113.0,6,0.29719539638608694,0.9157883571460843
6.0,114.0,6,0.29719539638608694,0.9157883571460843
16.0,115.0,6,0.29719539638608694,0.9157883571460843
19.0,116.0,6,0.29719539638608694,0.9157883571460843
22.0,117.0,6,0.29719539638608694,0.9157883571460843
23.0,118.0,6,0.29719539638608694,0.9157883571460843
24.0,119.0,6,0.29719539638608694,0.9157883571460843
26.0,120.0,6,0.29719539638608694,0.9157883571460843
19.0,121.0,6,0.29719539638608694,0.9157883571460843
20.0,122.0,6,0.29719539638608694,0.9157883571460843
21.0,123.0,6,0.29719539638608694,0.9157883571460843
25.0,124.0,6,0.29719539638608694,0.9157883571460843
24.0,125.0,6,0.29719539638608694,0.9157883571460843
22.0,126.0,6,0.29719539638608694,0.9157883571460843
22.0,127.0,6,0.29719539638608694,0.9157883571460843
15.0,128.0,6,0.29719539638608694,0.9157883571460843
14.0,129.0,6,0.29719539638608694,0.9157883571460843
9.0,130.0,6,0.29719539638608694,0.9157883571460843
5.0,131.0,6,0.29719539638608694,0.9157883571460843
6.0,132.0,6,0.29719539638608694,0.9157883571460843
4.0,133.0,6,0.29719539638608694,0.9157883571460843
1.0,134.0,6,0.29719539638608694,0.9157883571460843
3.0,135.0,6,0.29719539638608694,0.9157883571460843
4.0,136.0,6,0.29719539638608694,0.9157883571460843
6.0,137.0,6,0.29719539638608694,0.9157883571460843
5.0,138.0,6,0.29719539638608694,0.9157883571460843
6.0,139.0,6,0.29719539638608694,0.9157883571460843
5.0,140.0,6,0.29719539638608694,0.9157883571460843
9.0,141.0,6,0.29719539638608694,0.9157883571460843
18.0,142.0,6,0.29719539638608694,0.9157883571460843
25.0,143.0,6,0.29719539638608694,0.9157883571460843
27.0,144.0,6,0.29719539638608694,0.9157883571460843
28.0,145.0,6,0.29719539638608694,0.9157883571460843
30.0,146.0,6,0.29719539638608694,0.9157883571460843
30.0,147.0,6,0.29719539638608694,0.9157883571460843
26.0,148.0,6,0.29719539638608694,0.9157883571460843
23.0,149.0,6,0.29719539638608694,0.9157883571460843
24.0,150.0,6,0.29719539638608694,0.9157883571460843
22.0,151.0,6,0.29719539638608694,0.9157883571460843
20.0,152.0,6,0.29719539638608694,0.9157883571460843
21.0,153.0,6,0.29719539638608694,0.9157883571460843
21.0,154.0,6,0.29719539638608694,0.9157883571460843
23.0,155.0,6,0.29719539638608694,0.9157883571460843
22.0,156.0,6,0.29719539638608694,0.9157883571460843
17.0,157.0,6,0.29719539638608694,0.9157883571460843
17.0,158.0,6,0.29719539638608694,0.9157883571460843
16.0,159.0,6,0.29719539638608694,0.9157883571460843
22.0,160.0,6,0.29719539638608694,0.9157883571460843
27.0,161.0,6,0.29719539638608694,0.9157883571460843
27.0,162.0,6,0.29719539638608694,0.9157883571460843
21.0,163.0,6,0.29719539638608694,0.9157883571460843
18.0,164.0,6,0.29719539638608694,0.9157883571460843
11.0,165.0,6,0.29719539638608694,0.9157883571460843
6.0,166.0,6,0.29719539638608694,0.9157883571460843
10.0,167.0,6,0.29719539638608694,0.9157883571460843
10.0,168.0,6,0.29719539638608694,0.9157883571460843
10.0,169.0,6,0.29719539638608694,0.9157883571460843
11.0,170.0,6,0.29719539638608694,0.9157883571460843
17.0,171.0,6,0.29719539638608694,0.9157883571460843
18.0,172.0,6,0.29719539638608694,0.9157883571460843
19.0,173.0,6,0.29719539638608694,0.9157883571460843
20.0,174.0,6,0.29719539638608694,0.9157883571460843
27.0,175.0,6,0.29719539638608694,0.9157883571460843
28.0,176.0,6,0.29719539638608694,0.9157883571460843
26.0,177.0,6,0.29719539638608694,0.9157883571460843
23.0,178.0,6,0.29719539638608694,0.9157883571460843
21.0,179.0,6,0.29719539638608694,0.9157883571460843
21.0,180.0,6,0.29719539638608694,0.9157883571460843
19.0,181.0,6,0.29719539638608694,0.9157883571460843
23.0,182.0,6,0.29719539638608694,0.9157883571460843
23.0,183.0,6,0.29719539638608694,0.9157883571460843
25.0,184.0,6,0.29719539638608694,0.9157883571460843
29.0,185.0,6,0.29719539638608694,0.9157883571460843
28.0,186.0,6,0.29719539638608694,0.9157883571460843
30.0,187.0,6,0.29719539638608694,0.9157883571460843
34.0,188.0,6,0.29719539638608694,0.9157883571460843
36.0,189.0,6,0.29719539638608694,0.9157883571460843
35.0,190.0,6,0.29719539638608694,0.9157883571460843
44.0,191.0,6,0.29719539638608694,0.9157883571460843
36.0,192.0,6,0.29719539638608694,0.9157883571460843
39.0,193.0,6,0.29719539638608694,0.9157883571460843
31.0,194.0,6,0.29719539638608694,0.9157883571460843
28.0,195.0,6,0.29719539638608694,0.9157883571460843
29.0,196.0,6,0.29719539638608694,0.9157883571460843
26.0,197.0,6,0.29719539638608694,0.9157883571460843
40.0,198.0,6,0.29719539638608694,0.9157883571460843
42.0,199.0,6,0.29719539638608694,0.9157883571460843
43.0,200.0,6,0.29719539638608694,0.9157883571460843
37.0,201.0,6,0.29719539638608694,0.9157883571460843
37.0,202.0,6,0.29719539638608694,0.9157883571460843
35.0,203.0,6,0.29719539638608694,0.9157883571460843
32.0,204.0,6,0.29719539638608694,0.9157883571460843
33.0,205.0,6,0.29719539638608694,0.9157883571460843
21.0,206.0,6,0.29719539638608694,0.9157883571460843
21.0,207.0,6,0.29719539638608694,0.9157883571460843
21.0,208.0,6,0.29719539638608694,0.9157883571460843
22.0,209.0,6,0.29719539638608694,0.9157883571460843
23.0,210.0,6,0.29719539638608694,0.9157883571460843
28.0,211.0,6,0.29719539638608694,0.9157883571460843
33.0,212.0,6,0.29719539638608694,0.9157883571460843
30.0,213.0,6,0.29719539638608694,0.9157883571460843
25.0,214.0,6,0.29719539638608694,0.9157883571460843
24.0,215.0,6,0.29719539638608694,0.9157883571460843
18.0,216.0,6,0.29719539638608694,0.9157883571460843
14.0,217.0,6,0.29719539638608694,0.9157883571460843
9.0,218.0,6,0.29719539638608694,0.9157883571460843
7.0,219.0,6,0.29719539638608694,0.9157883571460843
7.0,220.0,6,0.29719539638608694,0.9157883571460843
3.0,221.0,6,0.29719539638608694,0.9157883571460843
7.0,222.0,6,0.29719539638608694,0.9157883571460843
6.0,223.0,6,0.29719539638608694,0.9157883571460843
7.0,224.0,6,0.29719539638608694,0.9157883571460843
7.0,225.0,6,0.29719539638608694,0.9157883571460843
8.0,226.0,6,0.29719539638608694,0.9157883571460843
9.0,227.0,6,0.29719539638608694,0.9157883571460843
6.0,228.0,6,0.29719539638608694,0.9157883571460843
3.0,229.0,6,0.29719539638608694,0.9157883571460843
3.0,230.0,6,0.29719539638608694,0.9157883571460843
5.0,231.0,6,0.29719539638608694,0.9157883571460843
7.0,232.0,6,0.29719539638608694,0.9157883571460843
9.0,233.0,6,0.29719539638608694,0.9157883571460843
7.0,234.0,6,0.29719539638608694,0.9157883571460843
8.0,235.0,6,0.29719539638608694,0.9157883571460843
10.0,236.0,6,0.29719539638608694,0.9157883571460843
11.0,237.0,6,0.29719539638608694,0.9157883571460843
15.0,238.0,6,0.29719539638608694,0.9157883571460843
15.0,239.0,6,0.29719539638608694,0.9157883571460843
14.0,240.0,6,0.29719539638608694,0.9157883571460843
13.0,241.0,6,0.29719539638608694,0.9157883571460843
16.0,242.0,6,0.29719539638608694,0.9157883571460843
15.0,243.0,6,0.29719539638608694,0.9157883571460843
18.0,244.0,6,0.29719539638608694,0.9157883571460843
22.0,245.0,6,0.29719539638608694,0.9157883571460843
24.0,246.0,6,0.29719539638608694,0.9157883571460843
23.0,247.0,6,0.29719539638608694,0.9157883571460843
18.0,248.0,6,0.29719539638608694,0.9157883571460843
18.0,249.0,6,0.29719539638608694,0.9157883571460843
18.0,250.0,6,0.29719539638608694,0.9157883571460843
18.0,251.0,6,0.29719539638608694,0.9157883571460843
17.0,252.0,6,0.29719539638608694,0.9157883571460843
17.0,253.0,6,0.29719539638608694,0.9157883571460843
14.0,254.0,6,0.29719539638608694,0.9157883571460843
13.0,255.0,6,0.29719539638608694,0.9157883571460843
11.0,256.0,6,0.29719539638608694,0.9157883571460843
10.0,257.0,6,0.29719539638608694,0.9157883571460843
11.0,258.0,6,0.29719539638608694,0.9157883571460843
13.0,259.0,6,0.29719539638608694,0.9157883571460843
11.0,260.0,6,0.29719539638608694,0.9157883571460843
18.0,261.0,6,0.29719539638608694,0.9157883571460843
20.0,262.0,6,0.29719539638608694,0.9157883571460843
22.0,263.0,6,0.29719539638608694,0.9157883571460843
24.0,264.0,6,0.29719539638608694,0.9157883571460843
26.0,265.0,6,0.29719539638608694,0.9157883571460843
30.0,266.0,6,0.29719539638608694,0.9157883571460843
27.0,267.0,6,0.29719539638608694,0.9157883571460843
24.0,268.0,6,0.29719539638608694,0.9157883571460843
24.0,269.0,6,0.29719539638608694,0.9157883571460843
27.0,270.0,6,0.29719539638608694,0.9157883571460843
27.0,271.0,6,0.29719539638608694,0.9157883571460843
21.0,272.0,6,0.29719539638608694,0.9157883571460843
24.0,273.0,6,0.29719539638608694,0.9157883571460843
18.0,274.0,6,0.29719539638608694,0.9157883571460843
15.0,275.0,6,0.29719539638608694,0.9157883571460843
15.0,276.0,6,0.29719539638608694,0.9157883571460843
18.0,277.0,6,0.29719539638608694,0.9157883571460843
25.0,278.0,6,0.29719539638608694,0.9157883571460843
30.0,279.0,6,0.29719539638608694,0.9157883571460843
39.0,280.0,6,0.29719539638608694,0.9157883571460843
31.0,281.0,6,0.29719539638608694,0.9157883571460843
35.0,282.0,6,0.29719539638608694,0.9157883571460843
30.0,283.0,6,0.29719539638608694,0.9157883571460843
21.0,284.0,6,0.29719539638608694,0.9157883571460843
16.0,285.0,6,0.29719539638608694,0.9157883571460843
12.0,286.0,6,0.29719539638608694,0.9157883571460843
13.0,287.0,6,0.29719539638608694,0.9157883571460843
15.0,288.0,6,0.29719539638608694,0.9157883571460843
18.0,289.0,6,0.29719539638608694,0.9157883571460843
19.0,290.0,6,0.29719539638608694,0.9157883571460843
18.0,291.0,6,0.29719539638608694,0.9157883571460843
18.0,292.0,6,0.29719539638608694,0.9157883571460843
19.0,293.0,6,0.29719539638608694,0.9157883571460843
19.0,294.0,6,0.29719539638608694,0.9157883571460843
28.0,295.0,6,0.29719539638608694,0.9157883571460843
30.0,296.0,6,0.29719539638608694,0.9157883571460843
30.0,297.0,6,0.29719539638608694,0.9157883571460843
36.0,298.0,6,0.29719539638608694,0.9157883571460843
28.0,299.0,6,0.29719539638608694,0.9157883571460843
29.0,300.0,6,0.29719539638608694,0.9157883571460843
27.0,301.0,6,0.29719539638608694,0.9157883571460843
24.0,302.0,6,0.29719539638608694,0.9157883571460843
24.0,303.0,6,0.29719539638608694,0.9157883571460843
22.0,304.0,6,0.29719539638608694,0.9157883571460843
20.0,305.0,6,0.29719539638608694,0.9157883571460843
17.0,306.0,6,0.29719539638608694,0.9157883571460843
17.0,307.0,6,0.29719539638608694,0.9157883571460843
19.0,308.0,6,0.29719539638608694,0.9157883571460843
19.0,309.0,6,0.29719539638608694,0.9157883571460843
19.0,310.0,6,0.29719539638608694,0.9157883571460843
17.0,311.0,6,0.29719539638608694,0.9157883571460843
19.0,312.0,6,0.29719539638608694,0.9157883571460843
17.0,313.0,6,0.29719539638608694,0.9157883571460843
20.0,314.0,6,0.29719539638608694,0.9157883571460843
18.0,315.0,6,0.29719539638608694,0.9157883571460843
22.0,316.0,6,0.29719539638608694,0.9157883571460843
22.0,317.0,6,0.29719539638608694,0.9157883571460843
22.0,318.0,6,0.29719539638608694,0.9157883571460843
25.0,319.0,6,0.29719539638608694,0.9157883571460843
20.0,320.0,6,0.29719539638608694,0.9157883571460843
24.0,321.0,6,0.29719539638608694,0.9157883571460843
21.0,322.0,6,0.29719539638608694,0.9157883571460843
21.0,323.0,6,0.29719539638608694,0.9157883571460843
19.0,324.0,6,0.29719539638608694,0.9157883571460843
22.0,325.0,6,0.29719539638608694,0.9157883571460843
18.0,326.0,6,0.29719539638608694,0.9157883571460843
20.0,327.0,6,0.29719539638608694,0.9157883571460843
19.0,328.0,6,0.29719539638608694,0.9157883571460843
15.0,329.0,6,0.29719539638608694,0.9157883571460843
17.0,330.0,6,0.29719539638608694,0.9157883571460843
16.0,331.0,6,0.29719539638608694,0.9157883571460843
15.0,332.0,6,0.29719539638608694,0.9157883571460843
16.0,333.0,6,0.29719539638608694,0.9157883571460843
14.0,334.0,6,0.29719539638608694,0.9157883571460843
14.0,335.0,6,0.29719539638608694,0.9157883571460843
13.0,336.0,6,0.29719539638608694,0.9157883571460843
11.0,337.0,6,0.29719539638608694,0.9157883571460843
16.0,338.0,6,0.29719539638608694,0.9157883571460843
17.0,339.0,6,0.29719539638608694,0.9157883571460843
16.0,340.0,6,0.29719539638608694,0.9157883571460843
15.0,341.0,6,0.29719539638608694,0.9157883571460843
17.0,342.0,6,0.29719539638608694,0.9157883571460843
16.0,343.0,6,0.29719539638608694,0.9157883571460843
15.0,344.0,6,0.29719539638608694,0.9157883571460843
22.0,345.0,6,0.29719539638608694,0.9157883571460843
25.0,346.0,6,0.29719539638608694,0.9157883571460843
26.0,347.0,6,0.29719539638608694,0.9157883571460843
22.0,348.0,6,0.29719539638608694,0.9157883571460843
26.0,349.0,6,0.29719539638608694,0.9157883571460843
37.0,350.0,6,0.29719539638608694,0.9157883571460843
40.0,351.0,6,0.29719539638608694,0.9157883571460843
29.0,352.0,6,0.29719539638608694,0.9157883571460843
32.0,353.0,6,0.29719539638608694,0.9157883571460843
23.0,354.0,6,0.29719539638608694,0.9157883571460843
21.0,355.0,6,0.29719539638608694,0.9157883571460843
20.0,356.0,6,0.29719539638608694,0.9157883571460843
21.0,357.0,6,0.29719539638608694,0.9157883571460843
18.0,358.0,6,0.29719539638608694,0.9157883571460843
24.0,359.0,6,0.29719539638608694,0.9157883571460843
23.0,360.0,6,0.29719539638608694,0.9157883571460843
19.0,361.0,6,0.29719539638608694,0.9157883571460843
19.0,362.0,6,0.29719539638608694,0.9157883571460843
18.0,363.0,6,0.29719539638608694,0.9157883571460843
16.0,364.0,6,0.29719539638608694,0.9157883571460843
21.0,365.0,6,0.29719539638608694,0.9157883571460843
